"id","taxon_family_name","taxon_species_name","n","species","taxon_genus_name","Distribution","Habito1","Habito2","SNAPregional","BiodiversidataEstablecimiento","IUCNglobal","trendGlobal","esta_en_powo","esta_en_gbif","es_un_nuevo_registro","url_powo","synonym","remarks"
1,"Asteraceae","Acanthospermum australe",24,"Acanthospermum australe","Acanthospermum",14,"Hierba","Anual","No evaluada","nativa","NE","NE",,,,,,
2,"Asteraceae","Acanthostyles buniifolius",65,"Acanthostyles buniifolius","Acanthostyles",14,"Arbusto","Perenne","No Prioritaria","nativa","NE","NE",,,,,,
3,"Asteraceae","Achillea millefolium",1,"Achillea millefolium","Achillea",4,"Hierba","Perenne","No evaluada","NE","LC","Unknown",,,,,,
343,"Cactaceae","Parodia erinaceus",304,,,,,,,,,,,,,,"Parodia erinacea",
5,"Asteraceae","Achyrocline flaccida",18,"Achyrocline flaccida","Achyrocline",7,"Subarbusto","Perenne","No evaluada","nativa","NE","NE",,,,,,
6,"Asteraceae","Achyrocline saturejoides",44,"Achyrocline saturejoides","Achyrocline",13,"Subarbusto","Perenne","No evaluada","NE","NE","NE",,,,,,
7,"Asteraceae","Acmella decumbens",24,"Acmella decumbens","Acmella",3,"Hierba","Perenne","No evaluada","nativa","NE","NE",,,,,,
8,"Asteraceae","Adenostemma brasilianum",2,"Adenostemma brasilianum","Adenostemma",8,"Hierba","Anual","No evaluada","nativa","NE","NE",,,,,,
9,"Asteraceae","Aldama anchusifolia",7,"Aldama anchusifolia","Aldama",1,"Subarbusto","Perenne","No evaluada","nativa","NE","NE",,,,,,
94,"Asteraceae","Cladanthus mixtus",38,,,,,,,,,,,,,,"Chamaemelum mixtum","non native"
466,"Fabaceae","Nanogalactia heterophylla",34,,,,,,,,,,,,,,"Galactia marginalis",
59,"Asteraceae","Bidens aurea",21,,,,,,,,,,"Introducida","-","-","https://powo.science.kew.org/taxon/urn:lsid:ipni.org:names:32316-2",,"non-native"
13,"Asteraceae","Ambrosia artemisiifolia",6,"Ambrosia artemisiifolia","Ambrosia",7,"Hierba","Anual","No evaluada","nativa",,,,,,,,
14,"Asteraceae","Ambrosia tenuifolia",37,"Ambrosia tenuifolia","Ambrosia",10,"Hierba","Perenne","No evaluada","introducida","NE","NE",,,,,,
15,"Asteraceae","Angelphytum grisebachii",1,"Angelphytum grisebachii","Angelphytum",1,"Subarbusto","Perenne","No evaluada","NE","NE","NE","Está","Está","NO","https://powo.science.kew.org/taxon/urn:lsid:ipni.org:names:60444807-2",,
16,"Asteraceae","Anthemis cotula",3,"Anthemis cotula","Anthemis",9,"Hierba","Anual","No evaluada","introducida",,,,,,,,
17,"Asteraceae","Arctium minus",15,"Arctium minus","Arctium",4,"Hierba","Bianual","No evaluada","introducida","NE","NE",,,,,,
18,"Asteraceae","Aspilia montevidensis",168,"Aspilia montevidensis","Aspilia",12,"Hierba","Perenne","No evaluada","nativa","NE","NE",,,,,,
19,"Asteraceae","Aspilia silphioides",2,"Aspilia silphioides","Aspilia",3,"Hierba","Perenne","No evaluada","nativa","NE","NE",,,,,,
20,"Asteraceae","Austroeupatorium inulifolium",61,"Austroeupatorium inulifolium","Austroeupatorium",14,"Arbusto","Perenne","No evaluada","nativa","NE","NE",,,,,,
21,"Asteraceae","Baccharis aliena",41,"Baccharis aliena","Baccharis",12,"Arbusto","Perenne","No Prioritaria","nativa","NE","NE",,,,,,
22,"Asteraceae","Baccharis anomala",4,"Baccharis anomala","Baccharis",6,"Arbusto","Perenne","No Prioritaria","nativa","NE","NE",,,,,,
543,"Solanaceae","Nicotiana tabacum",20,,,,,,,,,,"Potencial introducida","-","-","https://powo.science.kew.org/taxon/urn:lsid:ipni.org:names:817077-1",,"non-native"
24,"Asteraceae","Baccharis articulata",67,"Baccharis articulata","Baccharis",14,"Arbusto","Perenne","No Prioritaria","nativa","NE","NE",,,,,,
25,"Asteraceae","Baccharis breviseta",1,"Baccharis breviseta","Baccharis",9,"Subarbusto","Perenne","No Prioritaria","nativa","NE","NE",,,,,,
468,"Fabaceae","Neltuma affinis",18,,,,,,,,,,,,,,"Prosopis affinis",
27,"Asteraceae","Baccharis coridifolia",53,"Baccharis coridifolia","Baccharis",13,"Arbusto","Perenne","No evaluada","nativa","NE","NE",,,,,,
28,"Asteraceae","Baccharis crispa",1,"Baccharis crispa","Baccharis",4,"Arbusto","Perenne","No evaluada","nativa","NE","NE",,,,,,
29,"Asteraceae","Baccharis cultrata",3,"Baccharis cultrata","Baccharis",5,"Arbusto","Perenne","No Prioritaria","nativa","NE","NE",,,,,,
153,"Asteraceae","Helenium uniflorum",16,,,,,,,,,,,,,,"Helenium radiatum",
31,"Asteraceae","Baccharis dracunculifolia",89,"Baccharis dracunculifolia","Baccharis",12,"Arbusto","Perenne","No Prioritaria","nativa","NE","NE",,,,,,
32,"Asteraceae","Baccharis genistifolia",6,"Baccharis genistifolia","Baccharis",6,"Subarbusto","Perenne","No evaluada","nativa","NE","NE",,,,,,
281,"Asteraceae","Symphyotrichum squamatum",16,,,,,,,,,,,,,,"Symphyotrichum subulatum",
34,"Asteraceae","Baccharis glutinosa",8,"Baccharis glutinosa","Baccharis",9,"Hierba","Perenne","No evaluada","nativa","NE","NE",,,,,,
35,"Asteraceae","Baccharis gnaphalioides",15,"Baccharis gnaphalioides","Baccharis",5,"Subarbusto","Perenne","No evaluada","nativa","NE","NE",,,,,,
36,"Asteraceae","Baccharis jocheniana",16,"Baccharis jocheniana","Baccharis",1,"Arbusto","Perenne","No evaluada","nativa","NE","NE","No está","Está","NO","https://powo.science.kew.org/taxon/urn:lsid:ipni.org:names:77094504-1",,
101,"Asteraceae","Cotula nigellifolia",14,,,,,,,,,,"Potencial introducida","-","-","https://powo.science.kew.org/taxon/urn:lsid:ipni.org:names:975170-1",,"non-native"
38,"Asteraceae","Baccharis linearifolia",26,"Baccharis linearifolia","Baccharis",11,"Arbusto","Perenne","Prioritaria","nativa","NE","NE",,,,,,
555,"Solanaceae","Physalis peruviana",13,,,,,,,,,,"Potencial introducida","-","-","https://powo.science.kew.org/taxon/urn:lsid:ipni.org:names:195473-2",,"non-native"
40,"Asteraceae","Baccharis microdonta",28,"Baccharis microdonta","Baccharis",7,"Arbusto","Perenne","No Prioritaria","nativa","NE","NE",,,,,,
41,"Asteraceae","Baccharis notosergila",47,"Baccharis notosergila","Baccharis",9,"Arbusto","Perenne","No Prioritaria","nativa","NE","NE",,,,,,
42,"Asteraceae","Baccharis ochracea",21,"Baccharis ochracea","Baccharis",8,"Arbusto","Perenne","No evaluada","nativa","NE","NE",,,,,,
43,"Asteraceae","Baccharis oxyodonta",6,"Baccharis oxyodonta","Baccharis",5,"Arbusto","Perenne","No evaluada","nativa","NE","NE",,,,,,
527,"Solanaceae","Calibrachoa pygmea",12,,,,,,,,,,,,,,"Calibrachoa pygmaea",
45,"Asteraceae","Baccharis patens",24,"Baccharis patens","Baccharis",6,"Arbusto","Perenne","No evaluada","nativa","NE","NE",,,,,,
46,"Asteraceae","Baccharis phyteumoides",13,"Baccharis phyteumoides","Baccharis",13,"Subarbusto","Perenne","No evaluada","nativa","NE","NE",,,,,,
47,"Asteraceae","Baccharis psiadioides",1,"Baccharis psiadioides","Baccharis",4,"Arbusto","Perenne","Prioritaria","nativa","NE","NE",,,,,,
48,"Asteraceae","Baccharis punctulata",46,"Baccharis punctulata","Baccharis",12,"Arbusto","Perenne","No Prioritaria","nativa","LC","Stable",,,,,,
49,"Asteraceae","Baccharis rectialata",4,"Baccharis rectialata","Baccharis",3,"Subarbusto","Perenne","No evaluada","NE","NE","NE",,,,,,
50,"Asteraceae","Baccharis salicifolia",2,"Baccharis salicifolia","Baccharis",1,"Arbusto","Perenne","No evaluada","NE","LC","Decreasing",,,,,,
241,"Asteraceae","Senecio angulatus",11,,,,,,,,,,"Potencial introducida","-","-","https://powo.science.kew.org/taxon/urn:lsid:ipni.org:names:243791-1",,"non-native"
52,"Asteraceae","Baccharis spicata",99,"Baccharis spicata","Baccharis",13,"Arbusto","Perenne","No Prioritaria","nativa","NE","NE",,,,,,
53,"Asteraceae","Baccharis tridentata",2,"Baccharis tridentata","Baccharis",7,"Arbusto","Perenne","No Prioritaria","nativa","NE","NE",,,,,,
54,"Asteraceae","Baccharis trimera",118,"Baccharis trimera","Baccharis",16,"Subarbusto","Perenne","No evaluada","nativa","NE","NE",,,,,,
55,"Asteraceae","Baccharis vulneraria",7,"Baccharis vulneraria","Baccharis",12,"Subarbusto","Perenne","No Prioritaria","nativa","NE","NE",,,,,,
56,"Asteraceae","Barrosoa betoniciformis",3,"Barrosoa betoniciformis","Barrosoa",4,"Hierba","Perenne","No evaluada","NE","NE","NE",,,,,,
57,"Asteraceae","Barrosoa candolleana",22,"Barrosoa candolleana","Barrosoa",1,"Hierba","Perenne","No evaluada","nativa","NE","NE","No está","Está","NO","https://powo.science.kew.org/taxon/urn:lsid:ipni.org:names:29633-2",,
58,"Asteraceae","Berroa gnaphalioides",5,"Berroa gnaphalioides","Berroa",8,"Hierba","Perenne","No evaluada","nativa","NE","NE",,,,,,
180,"Asteraceae","Lemmatium clematideum",10,,,,,,,,,,,,,,"Calea clematidea",
60,"Asteraceae","Bidens laevis",31,"Bidens laevis","Bidens",1,"Hierba","Perenne","No evaluada","nativa","NE","NE","Está","Está","NO","https://powo.science.kew.org/taxon/urn:lsid:ipni.org:names:32497-2",,
61,"Asteraceae","Bidens pilosa",44,"Bidens pilosa","Bidens",6,"Hierba","Anual","No evaluada","introducida","NE","NE",,,,,,
62,"Asteraceae","Bidens subalternans",12,"Bidens subalternans","Bidens",1,"Hierba","Anual","No evaluada","nativa","NE","NE","Está","Está","NO","https://powo.science.kew.org/taxon/urn:lsid:ipni.org:names:185264-1",,
63,"Asteraceae","Calea uniflora",23,"Calea uniflora","Calea",1,"Hierba","Perenne","No evaluada","nativa","NE","NE","Está","Está","NO","https://powo.science.kew.org/taxon/urn:lsid:ipni.org:names:187795-1",,
335,"Cactaceae","Opuntia ficus-indica",9,,,,,,,,,,"Potencial introducida","-","-","https://powo.science.kew.org/taxon/urn:lsid:ipni.org:names:1151735-2",,"non-native"
65,"Asteraceae","Calyptocarpus brasiliensis",7,"Calyptocarpus brasiliensis","Calyptocarpus",1,"NE","NE","No evaluada","NE","NE","NE","Está","Está","NO","https://powo.science.kew.org/taxon/urn:lsid:ipni.org:names:273932-2",,
66,"Asteraceae","Campovassouria cruciata",7,"Campovassouria cruciata","Campovassouria",6,"Arbusto","Perenne","No prioritaria","nativa","NE","NE",,,,,,
67,"Asteraceae","Campuloclinium macrocephalum",85,"Campuloclinium macrocephalum","Campuloclinium",16,"Hierba","Perenne","No evaluada","nativa","NE","NE",,,,,,
68,"Asteraceae","Carduus acanthoides",36,"Carduus acanthoides","Carduus",6,"Hierba","Anual","No evaluada","introducida","NE","NE",,,,,,
558,"Solanaceae","Schwenckia curviflora",8,,,,,,,,,,,,,,,"new species"
70,"Asteraceae","Carduus pycnocephalus",3,"Carduus pycnocephalus","Carduus",7,"Hierba","Anual","No evaluada","introducida","NE","NE",,,,,,
307,"Asteraceae","Youngia japonica",7,,,,,,,,,,"Potencial introducida","-","-","https://powo.science.kew.org/taxon/urn:lsid:ipni.org:names:1124129-2",,"non-native"
72,"Asteraceae","Carthamus lanatus",12,"Carthamus lanatus","Carthamus",10,"Hierba","Anual","No evaluada","NE","NE","NE",,,,,,
73,"Asteraceae","Centaurea calcitrapa",11,"Centaurea calcitrapa","Centaurea",9,"Hierba","Anual","No evaluada","NE","NE","NE",,,,,,
74,"Asteraceae","Centaurea solstitialis",1,"Centaurea solstitialis","Centaurea",7,"Hierba","Anual","No evaluada","introducida","NE","NE",,,,,,
75,"Asteraceae","Chaptalia arechavaletae",22,"Chaptalia arechavaletae","Chaptalia",13,"Hierba","Perenne","No evaluada","nativa","NE","NE",,,,,,
76,"Asteraceae","Chaptalia exscapa",8,"Chaptalia exscapa","Chaptalia",8,"Hierba","Perenne","No evaluada","nativa","NE","NE",,,,,,
77,"Asteraceae","Chaptalia integerrima",2,"Chaptalia integerrima","Chaptalia",9,"Hierba","Perenne","No evaluada","nativa","NE","NE",,,,,,
78,"Asteraceae","Chaptalia nutans",4,"Chaptalia nutans","Chaptalia",4,"Hierba","Perenne","No evaluada","nativa","NE","NE",,,,,,
79,"Asteraceae","Chaptalia piloselloides",22,"Chaptalia piloselloides","Chaptalia",10,"Hierba","Perenne","No evaluada","nativa","NE","NE",,,,,,
80,"Asteraceae","Chaptalia sinuata",2,"Chaptalia sinuata","Chaptalia",7,"Hierba","Perenne","No evaluada","nativa","NE","NE",,,,,,
81,"Asteraceae","Chevreulia sarmentosa",5,"Chevreulia sarmentosa","Chevreulia",9,"Hierba","Perenne","No evaluada","nativa","NE","NE",,,,,,
82,"Asteraceae","Chromolaena caaguazuensis",1,"Chromolaena caaguazuensis","Chromolaena",2,"Subarbusto","Perenne","No evaluada","NE","NE","NE",,,,,,
83,"Asteraceae","Chromolaena christieana",3,"Chromolaena christieana","Chromolaena",1,"Subarbusto","Perenne","No evaluada","NE","NE","NE","No está","Está","NO","https://powo.science.kew.org/taxon/urn:lsid:ipni.org:names:57373-2",,
84,"Asteraceae","Chromolaena hirsuta",129,"Chromolaena hirsuta","Chromolaena",12,"Subarbusto","Perenne","No evaluada","nativa","NE","NE",,,,,,
85,"Asteraceae","Chromolaena ivifolia",3,"Chromolaena ivifolia","Chromolaena",10,"Subarbusto","Perenne","Prioritaria","nativa","NE","NE",,,,,,
86,"Asteraceae","Chromolaena laevigata",6,"Chromolaena laevigata","Chromolaena",7,"Arbusto","Perenne","No Prioritaria","nativa","NE","NE",,,,,,
87,"Asteraceae","Chromolaena squarrulosa",17,"Chromolaena squarrulosa","Chromolaena",3,"Subarbusto","Perenne","No evaluada","nativa","NE","NE",,,,,,
88,"Asteraceae","Chrysanthellum indicum",1,"Chrysanthellum indicum","Chrysanthellum",1,"Hierba","Anual","No evaluada","NE","NE","NE","No está","No está","SI","https://powo.science.kew.org/taxon/urn:lsid:ipni.org:names:30194265-2",,
89,"Asteraceae","Chrysolaena cognata",1,"Chrysolaena cognata","Chrysolaena",3,"Subarbusto","Perenne","No evaluada","nativa","NE","NE",,,,,,
90,"Asteraceae","Chrysolaena flexuosa",131,"Chrysolaena flexuosa","Chrysolaena",13,"Hierba","Perenne","No evaluada","nativa","NE","NE",,,,,,
91,"Asteraceae","Chrysolaena platensis",2,"Chrysolaena platensis","Chrysolaena",7,"Subarbusto","Perenne","No evaluada","nativa","NE","NE",,,,,,
92,"Asteraceae","Cichorium intybus",82,"Cichorium intybus","Cichorium",4,"Hierba","Anual","No evaluada","introducida","NE","NE",,,,,,
93,"Asteraceae","Cirsium vulgare",92,"Cirsium vulgare","Cirsium",8,"Hierba","Anual","No evaluada","introducida","NE","NE",,,,,,
523,"Solanaceae","Calibrachoa calycina",7,,,,,,,,,,,,,,"Calibrachoa ovalifolia",
95,"Asteraceae","Coleostephus myconis",77,"Coleostephus myconis","Coleostephus",6,"Hierba","Anual","No evaluada","introducida","NE","NE",,,,,,
96,"Asteraceae","Coreopsis lanceolata",7,"Coreopsis lanceolata","Coreopsis",1,"Hierba","Perenne","No evaluada","introducida","NE","NE",,,,,,
528,"Solanaceae","Calibrachoa scabridula",7,,,,,,,,,,,,,,,"new species"
117,"Asteraceae","Enydra fluctuans",6,,,,,,,,,,,,,,,"in doubt (possibly non native)"
99,"Asteraceae","Cotula australis",6,"Cotula australis","Cotula",7,"Hierba","Anual","No evaluada","NE","NE","NE",,,,,,
100,"Asteraceae","Cotula coronopifolia",13,"Cotula coronopifolia","Cotula",5,"Hierba","Perenne","No evaluada","introducida","NE","NE",,,,,,
442,"Fabaceae","Mimosa amphigena",6,,,,,,,,,,,,,,,"new species"
102,"Asteraceae","Criscia stricta",35,"Criscia stricta","Criscia",15,"Hierba","Perenne","No evaluada","nativa","NE","NE",,,,,,
103,"Asteraceae","Cynara cardunculus",35,"Cynara cardunculus","Cynara",5,"Hierba","Perenne","No evaluada","introducida","NE","NE",,,,,,
104,"Asteraceae","Cyrtocymura scorpioides",4,"Cyrtocymura scorpioides","Cyrtocymura",1,"Arbusto","Perenne","No Prioritaria","nativa","NE","NE",,,,,,
105,"Asteraceae","Dasyphyllum spinescens",9,"Dasyphyllum spinescens","Dasyphyllum",1,"Arbol","Perenne","No evaluada","NE","LC","Stable",,,,,,
106,"Asteraceae","Delairea odorata",2,"Delairea odorata","Delairea",2,"Hierba","Perenne","No evaluada","introducida","NE","NE",,,,,,
107,"Asteraceae","Dimerostemma grisebachii",2,"Dimerostemma grisebachii","Dimerostemma",1,"Subarbusto","Perenne","No evaluada","NE","NE","NE","Está","Está","NO","https://powo.science.kew.org/taxon/urn:lsid:ipni.org:names:60444807-2",,
585,"Solanaceae","Vassobia breviflora",6,,,,,,,,,,,,,,,"new species"
137,"Asteraceae","Gazania rigens",5,,,,,,,,,,"Potencial introducida","-","-","https://powo.science.kew.org/taxon/urn:lsid:ipni.org:names:208720-1",,"non-native"
364,"Fabaceae","Acacia podalyriifolia",5,,,,,,,,,,"Potencial introducida","-","-","https://powo.science.kew.org/taxon/urn:lsid:ipni.org:names:76522-3",,"non-native"
469,"Fabaceae","Neltuma nigra",5,,,,,,,,,,,,,,"Prosopis nigra",
112,"Asteraceae","Eclipta elliptica",57,"Eclipta elliptica","Eclipta",10,"Hierba","Perenne","No evaluada","nativa","NE","NE",,,,,,
113,"Asteraceae","Eclipta megapotamica",5,"Eclipta megapotamica","Eclipta",1,"Hierba","Perenne","No evaluada","nativa","NE","NE","Está","Está","NO","https://powo.science.kew.org/taxon/urn:lsid:ipni.org:names:88789-2",,
114,"Asteraceae","Eclipta prostrata",17,"Eclipta prostrata","Eclipta",11,"Hierba","Anual","No evaluada","nativa","LC","Stable",,,,,,
115,"Asteraceae","Elephantopus angustifolius",2,"Elephantopus angustifolius","Elephantopus",1,"Hierba","Perenne","No evaluada","NE","NE","NE",,,,,,
116,"Asteraceae","Elephantopus mollis",18,"Elephantopus mollis","Elephantopus",3,"Hierba","Perenne","No evaluada","nativa","NE","NE",,,,,,
480,"Fabaceae","Rhynchosia diversifolia",5,,,,,,,,,,,,,,,"new species"
118,"Asteraceae","Erechtites hieraciifolius",9,"Erechtites hieraciifolius","Erechtites",10,"Hierba","Anual","No evaluada","introducida","NE","NE",,,,,,
119,"Asteraceae","Erechtites valerianifolius",17,"Erechtites valerianifolius","Erechtites",4,"Hierba","Anual","No evaluada","nativa","NE","NE",,,,,,
120,"Asteraceae","Erigeron blakei",13,"Erigeron blakei","Erigeron",13,"Hierba","Anual","No evaluada","NE","NE","NE",,,,,,
121,"Asteraceae","Erigeron bonariensis",32,"Erigeron bonariensis","Erigeron",1,"Hierba","Anual","No evaluada","NE","NE","NE",,,,,,
122,"Asteraceae","Erigeron canadensis",1,"Erigeron canadensis","Erigeron",1,"NE","NE","No evaluada","NE","NE","NE","No está","Está","NO","https://powo.science.kew.org/taxon/urn:lsid:ipni.org:names:203653-1",,
123,"Asteraceae","Erigeron lorentzii",2,"Erigeron lorentzii","Erigeron",1,"Hierba","Anual","No evaluada","NE","NE","NE",,,,,,
124,"Asteraceae","Erigeron primulifolius",10,"Erigeron primulifolius","Erigeron",3,"Hierba","Perenne","No evaluada","NE","NE","NE",,,,,,
134,"Asteraceae","Gamochaeta filaginea",4,,,,,,,,,,,,,,,"new species"
126,"Asteraceae","Exostigma notobellidiastrum",1,"Exostigma notobellidiastrum","Exostigma",4,"Hierba","Perenne","No evaluada","nativa","NE","NE",,,,,,
127,"Asteraceae","Exostigma rivulare",1,"Exostigma rivulare","Exostigma",2,"Hierba","Perenne","No evaluada","NE","NE","NE",,,,,,
128,"Asteraceae","Facelis retusa",12,"Facelis retusa","Facelis",13,"Hierba","Anual","No evaluada","nativa","NE","NE",,,,,,
129,"Asteraceae","Galinsoga parviflora",10,"Galinsoga parviflora","Galinsoga",1,"Hierba","Anual","No evaluada","NE","NE","NE","Está","Está","NO","https://powo.science.kew.org/taxon/urn:lsid:ipni.org:names:208554-1",,
130,"Asteraceae","Galinsoga quadriradiata",1,"Galinsoga quadriradiata","Galinsoga",1,"Hierba","Anual","No evaluada","NE","NE","NE","No está","No está","SI","https://powo.science.kew.org/taxon/urn:lsid:ipni.org:names:208557-1",,
131,"Asteraceae","Gamochaeta americana",10,"Gamochaeta americana","Gamochaeta",14,"Hierba","Perenne","No evaluada","nativa","NE","NE",,,,,,
216,"Asteraceae","Pascalia glauca",4,,,,,,,,,,,,,,,"new species"
133,"Asteraceae","Gamochaeta falcata",3,"Gamochaeta falcata","Gamochaeta",6,"Hierba","Perenne","No evaluada","nativa","NE","NE",,,,,,
258,"Asteraceae","Senecio tamoides",4,,,,,,,,,,"Potencial introducida","-","-","https://powo.science.kew.org/taxon/urn:lsid:ipni.org:names:247873-1",,"non-native"
394,"Fabaceae","Desmanthus virgatus",4,,,,,,,,,,,,,,,"new species"
459,"Fabaceae","Mimosa reptans",4,,,,,,,,,,,,,,,"new species"
509,"Fabaceae","Vachellia karroo",4,,,,,,,,,,"Potencial introducida","-","-","https://powo.science.kew.org/taxon/urn:lsid:ipni.org:names:77087189-1",,"non-native"
138,"Asteraceae","Glebionis coronaria",1,"Glebionis coronaria","Glebionis",2,"Hierba","Anual","No evaluada","NE","NE","NE",,,,,,
139,"Asteraceae","Grazielia brevipetiolata",32,"Grazielia brevipetiolata","Grazielia",5,"Hierba","Perenne","Prioritaria","nativa","NE","NE",,,,,,
140,"Asteraceae","Grazielia intermedia",5,"Grazielia intermedia","Grazielia",2,"Arbusto","Perenne","No Prioritaria","nativa","NE","NE",,,,,,
141,"Asteraceae","Grazielia serrata",15,"Grazielia serrata","Grazielia",6,"Arbusto","Perenne","No Prioritaria","nativa","NE","NE",,,,,,
4,"Asteraceae","Achyrocline alata",3,,,,,,,,,,,,,,,"new species"
143,"Asteraceae","Grindelia orientalis",5,"Grindelia orientalis","Grindelia",2,"Subarbusto","Perenne","Prioritaria","nativa","NE","NE",,,,,,
144,"Asteraceae","Grindelia pulchella",18,"Grindelia pulchella","Grindelia",4,"Subarbusto","Perenne","No evaluada","nativa","NE","NE",,,,,,
145,"Asteraceae","Gymnocoronis spilanthoides",26,"Gymnocoronis spilanthoides","Gymnocoronis",13,"Hierba","Perenne","No evaluada","nativa","NE","NE",,,,,,
146,"Asteraceae","Gyptis commersonii",8,"Gyptis commersonii","Gyptis",13,"Hierba","Perenne","No evaluada","NE","NE","NE",,,,,,
147,"Asteraceae","Gyptis lanigera",2,"Gyptis lanigera","Gyptis",6,"Hierba","Perenne","No Prioritaria","nativa","NE","NE",,,,,,
148,"Asteraceae","Gyptis pinnatifida",3,"Gyptis pinnatifida","Gyptis",11,"Subarbusto","Perenne","No evaluada","NE","NE","NE",,,,,,
149,"Asteraceae","Gyptis tanacetifolia",23,"Gyptis tanacetifolia","Gyptis",11,"Subarbusto","Perenne","No evaluada","nativa","NE","NE",,,,,,
150,"Asteraceae","Hatschbachiella tweedieana",38,"Hatschbachiella tweedieana","Hatschbachiella",12,"Subarbusto","Perenne","No evaluada","nativa","NE","NE",,,,,,
151,"Asteraceae","Hedypnois rhagadioloides",5,"Hedypnois rhagadioloides","Hedypnois",8,"Hierba","Anual","No evaluada","introducida","NE","NE",,,,,,
11,"Asteraceae","Aldama nudicaulis",3,,,,,,,,,,,,,,,"new species"
23,"Asteraceae","Baccharis arenaria",3,,,,,,,,,,,,,,,"new species"
37,"Asteraceae","Baccharis juncea",3,,,,,,,,,,,,,,,"new species"
155,"Asteraceae","Helianthus tuberosus",5,"Helianthus tuberosus","Helianthus",2,"Hierba","Perenne","No evaluada","NE","LC","Stable",,,,,,
156,"Asteraceae","Helminthotheca echioides",38,"Helminthotheca echioides","Helminthotheca",1,"Hierba","Anual","No evaluada","introducida","NE","NE",,,,,,
157,"Asteraceae","Hieracium commersonii",6,"Hieracium commersonii","Hieracium",15,"Hierba","Perenne","No evaluada","nativa","NE","NE",,,,,,
125,"Asteraceae","Euryops chrysanthemoides",3,,,,,,,,,,"Potencial introducida","-","-","https://powo.science.kew.org/taxon/urn:lsid:ipni.org:names:207397-1",,"non-native"
159,"Asteraceae","Holocheilus brasiliensis",6,"Holocheilus brasiliensis","Holocheilus",15,"Hierba","Perenne","No evaluada","nativa","NE","NE",,,,,,
160,"Asteraceae","Holocheilus hieracioides",4,"Holocheilus hieracioides","Holocheilus",12,"Hierba","Perenne","No evaluada","nativa","NE","NE",,,,,,
161,"Asteraceae","Hymenoxys anthemoides",2,"Hymenoxys anthemoides","Hymenoxys",6,"Hierba","Anual","No evaluada","nativa","NE","NE",,,,,,
162,"Asteraceae","Hypochaeris albiflora",16,"Hypochaeris albiflora","Hypochaeris",4,"Hierba","Perenne","No evaluada","nativa","NE","NE",,,,,,
163,"Asteraceae","Hypochaeris chillensis",19,"Hypochaeris chillensis","Hypochaeris",14,"Hierba","Perenne","No evaluada","nativa","NE","NE",,,,,,
135,"Asteraceae","Gamochaeta pensylvanica",3,,,,,,,,,,,,,,,"new species"
165,"Asteraceae","Hypochaeris grisebachii",1,"Hypochaeris grisebachii","Hypochaeris",4,"Hierba","Perenne","No evaluada","NE","NE","NE",,,,,,
228,"Asteraceae","Pterocaulon alopecuroides",3,,,,,,,,,,,,,,,"new species"
167,"Asteraceae","Hypochaeris megapotamica",14,"Hypochaeris megapotamica","Hypochaeris",11,"Hierba","Perenne","No evaluada","nativa","NE","NE",,,,,,
168,"Asteraceae","Hypochaeris radicata",90,"Hypochaeris radicata","Hypochaeris",7,"Hierba","Perenne","No evaluada","introducida","NE","NE",,,,,,
169,"Asteraceae","Hypochaeris variegata",5,"Hypochaeris variegata","Hypochaeris",4,"Hierba","Perenne","No evaluada","NE","NE","NE",,,,,,
170,"Asteraceae","Hysterionica chamomilloides",1,"Hysterionica chamomilloides","Hysterionica",2,"Subarbusto","Perenne","No evaluada","NE","NE","NE",,,,,,
171,"Asteraceae","Hysterionica montevidensis",3,"Hysterionica montevidensis","Hysterionica",5,"Subarbusto","Perenne","No evaluada","NE","NE","NE","Está","Está","NO","https://powo.science.kew.org/taxon/urn:lsid:ipni.org:names:234258-1",,
172,"Asteraceae","Hysterionica resinosa",10,"Hysterionica resinosa","Hysterionica",6,"Hierba","Anual","No evaluada","NE","NE","NE",,,,,,
173,"Asteraceae","Isostigma peucedanifolium",2,"Isostigma peucedanifolium","Isostigma",1,"Hierba","Perenne","No evaluada","nativa","NE","NE","Está","Está","NO","https://powo.science.kew.org/taxon/urn:lsid:ipni.org:names:226326-1",,
174,"Asteraceae","Jaumea linearifolia",4,"Jaumea linearifolia","Jaumea",4,"Hierba","Perenne","No evaluada","nativa","NE","NE",,,,,,
175,"Asteraceae","Jungia floribunda",1,"Jungia floribunda","Jungia",3,"Hierba","Perenne","No evaluada","nativa","NE","NE",,,,,,
245,"Asteraceae","Senecio cisplatinus",3,,,,,,,,,,,,,,,"new species"
177,"Asteraceae","Lactuca saligna",1,"Lactuca saligna","Lactuca",3,"Hierba","Anual","No evaluada","introducida","NE","NE",,,,,,
248,"Asteraceae","Senecio leptolobus",3,,,,,,,,,,,,,,,"new species"
179,"Asteraceae","Lactuca serriola",7,"Lactuca serriola","Lactuca",9,"Hierba","Anual","No evaluada","introducida","NE","NE",,,,,,
250,"Asteraceae","Senecio mattfeldianus",3,,,,,,,,,,,,,,,"new species"
303,"Asteraceae","Vernonia echioides",3,,,,,,,,,,,,,,,"new species"
182,"Asteraceae","Lessingianthus brevifolius",5,"Lessingianthus brevifolius","Lessingianthus",3,"Subarbusto","Perenne","No evaluada","nativa","NE","NE",,,,,,
183,"Asteraceae","Lessingianthus glabratus",1,"Lessingianthus glabratus","Lessingianthus",3,"Subarbusto","Perenne","Prioritaria","nativa","NE","NE",,,,,,
184,"Asteraceae","Lessingianthus macrocephalus",3,"Lessingianthus macrocephalus","Lessingianthus",4,"Subarbusto","Perenne","Prioritaria","nativa","NE","NE",,,,,,
185,"Asteraceae","Lessingianthus plantaginodes",21,"Lessingianthus plantaginodes","Lessingianthus",1,"Subarbusto","Perenne","No evaluada","nativa","NE","NE",,,,,,
186,"Asteraceae","Lessingianthus rubricaulis",3,"Lessingianthus rubricaulis","Lessingianthus",2,"Subarbusto","Perenne","No evaluada","NE","NE","NE",,,,,,
187,"Asteraceae","Lessingianthus sellowii",3,"Lessingianthus sellowii","Lessingianthus",5,"Subarbusto","Perenne","No evaluada","nativa","NE","NE",,,,,,
188,"Asteraceae","Leucanthemum vulgare",2,"Leucanthemum vulgare","Leucanthemum",5,"Hierba","Perenne","No evaluada","NE","NE","NE",,,,,,
189,"Asteraceae","Lucilia acutifolia",33,"Lucilia acutifolia","Lucilia",12,"Hierba","Perenne","No evaluada","nativa","NE","NE",,,,,,
190,"Asteraceae","Lucilia nitens",10,"Lucilia nitens","Lucilia",13,"Hierba","Perenne","No evaluada","nativa","NE","NE",,,,,,
191,"Asteraceae","Matricaria chamomilla",6,"Matricaria chamomilla","Matricaria",4,"Hierba","Anual","No evaluada","introducida","NE","NE",,,,,,
326,"Cactaceae","Harrisia pomanensis",3,,,,,,,,,,,,,,,"new species"
193,"Asteraceae","Microgyne marchesiana",3,"Microgyne marchesiana","Microgyne",1,"Hierba","Perenne","Prioritaria","nativa","NE","NE",,,,,,
194,"Asteraceae","Microgyne trifurcata",8,"Microgyne trifurcata","Microgyne",13,"Hierba","Perenne","No evaluada","nativa","NE","NE",,,,,,
374,"Fabaceae","Albizia julibrissin",3,,,,,,,,,,"Potencial introducida","-","-","https://powo.science.kew.org/taxon/urn:lsid:ipni.org:names:473275-1",,"non-native"
196,"Asteraceae","Micropsis spathulata",7,"Micropsis spathulata","Micropsis",12,"Hierba","Anual","No evaluada","NE","NE","NE",,,,,,
197,"Asteraceae","Mikania anethifolia",2,"Mikania anethifolia","Mikania",6,"Enredadera","Perenne","No evaluada","NE","NE","NE",,,,,,
198,"Asteraceae","Mikania cordifolia",6,"Mikania cordifolia","Mikania",10,"Enredadera","Perenne","No evaluada","nativa","NE","NE",,,,,,
199,"Asteraceae","Mikania involucrata",10,"Mikania involucrata","Mikania",4,"Liana","Perenne","No evaluada","nativa","NE","NE",,,,,,
200,"Asteraceae","Mikania pinnatiloba",5,"Mikania pinnatiloba","Mikania",1,"Hierba","Perenne","No evaluada","NE","NE","NE","No está","Está","NO","https://powo.science.kew.org/taxon/urn:lsid:ipni.org:names:233126-1",,
460,"Fabaceae","Mimosa rocae",3,,,,,,,,,,,,,,,"new species"
202,"Asteraceae","Mikania thapsoides",4,"Mikania thapsoides","Mikania",1,"Subarbusto","Perenne","No evaluada","nativa","NE","NE","Está","Está","NO","https://powo.science.kew.org/taxon/urn:lsid:ipni.org:names:233276-1",,
203,"Asteraceae","Moquiniastrum polymorphum",13,"Moquiniastrum polymorphum","Moquiniastrum",9,"Arbol","Perenne","No Prioritaria","nativa","LC","Stable",,,,,,
204,"Asteraceae","Mutisia coccinea",50,"Mutisia coccinea","Mutisia",5,"Enredadera","Perenne","No evaluada","nativa","NE","NE",,,,,,
505,"Fabaceae","Trifolium subterraneum",3,,,,,,,,,,,,,,,"non native"
206,"Asteraceae","Neja pinifolia",41,"Neja pinifolia","Neja",7,"Subarbusto","Perenne","No evaluada","NE","NE","NE",,,,,,
207,"Asteraceae","Noticastrum acuminatum",39,"Noticastrum acuminatum","Noticastrum",7,"Hierba","Perenne","No evaluada","nativa","NE","NE",,,,,,
538,"Solanaceae","Nicandra physalodes",3,,,,,,,,,,,,,,,"possibly non native"
209,"Asteraceae","Noticastrum diffusum",44,"Noticastrum diffusum","Noticastrum",11,"Hierba","Perenne","No evaluada","nativa","NE","NE",,,,,,
210,"Asteraceae","Noticastrum malmei",9,"Noticastrum malmei","Noticastrum",1,"Subarbusto","Perenne","Prioritaria","nativa","NE","NE",,,,,,
211,"Asteraceae","Noticastrum marginatum",1,"Noticastrum marginatum","Noticastrum",1,"Hierba","Perenne","No evaluada","NE","NE","NE","No está","No está","SI","https://powo.science.kew.org/taxon/urn:lsid:ipni.org:names:170580-2",,
573,"Solanaceae","Solanum lycopersicum",3,,,,,,,,,,"Potencial introducida","-","-","https://powo.science.kew.org/taxon/urn:lsid:ipni.org:names:316947-2",,"non-native"
213,"Asteraceae","Pamphalea bupleurifolia",3,"Pamphalea bupleurifolia","Pamphalea",12,"Hierba","Perenne","No evaluada","NE","NE","NE",,,,,,
214,"Asteraceae","Pamphalea heterophylla",4,"Pamphalea heterophylla","Pamphalea",19,"Hierba","Anual","No evaluada","NE","NE","NE",,,,,,
215,"Asteraceae","Panphalea heterophylla",7,"Panphalea heterophylla","Pamphalea",19,"Hierba","Anual","No evaluada","nativa","NE","NE",,,,,,
30,"Asteraceae","Baccharis darwinii",2,,,,,,,,,,,,,,,"new species"
217,"Asteraceae","Perezia multiflora",36,"Perezia multiflora","Perezia",1,"Hierba","Perenne","No evaluada","nativa","NE","NE","Está","Está","NO","https://powo.science.kew.org/taxon/urn:lsid:ipni.org:names:237026-1",,
218,"Asteraceae","Perezia squarrosa",1,"Perezia squarrosa","Perezia",2,"Hierba","Perenne","Prioritaria","nativa","NE","NE",,,,,,
219,"Asteraceae","Picrosia longifolia",32,"Picrosia longifolia","Picrosia",1,"Hierba","Perenne","No evaluada","nativa","NE","NE",,,,,,
220,"Asteraceae","Pluchea sagittalis",75,"Pluchea sagittalis","Pluchea",3,"Hierba","Perenne","No evaluada","nativa","NE","NE",,,,,,
221,"Asteraceae","Podocoma hirsuta",6,"Podocoma hirsuta","Podocoma",3,"Hierba","Perenne","No evaluada","nativa","NE","NE",,,,,,
222,"Asteraceae","Porophyllum linifolium",46,"Porophyllum linifolium","Porophyllum",8,"Hierba","Perenne","Prioritaria","nativa","NE","NE",,,,,,
223,"Asteraceae","Porophyllum ruderale",6,"Porophyllum ruderale","Porophyllum",2,"Hierba","Perenne","No evaluada","nativa","NE","NE",,,,,,
64,"Asteraceae","Calendula officinalis",2,,,,,,,,,,"Introducida","-","-","https://powo.science.kew.org/taxon/urn:lsid:ipni.org:names:187894-1",,"non-native"
225,"Asteraceae","Pseudognaphalium cheiranthifolium",29,"Pseudognaphalium cheiranthifolium","Pseudognaphalium",9,"Hierba","Perenne","No evaluada","nativa","NE","NE",,,,,,
226,"Asteraceae","Pseudognaphalium gaudichaudianum",24,"Pseudognaphalium gaudichaudianum","Pseudognaphalium",11,"Hierba","Anual","No evaluada","nativa","NE","NE",,,,,,
69,"Asteraceae","Carduus nutans",2,,,,,,,,,,"Introducida","-","-","https://powo.science.kew.org/taxon/urn:lsid:ipni.org:names:188890-1",,"non-native"
97,"Asteraceae","Cosmos bipinnatus",2,,,,,,,,,,"Potencial introducida","-","-","https://powo.science.kew.org/taxon/urn:lsid:ipni.org:names:198320-1",,"non-native"
229,"Asteraceae","Pterocaulon angustifolium",23,"Pterocaulon angustifolium","Pterocaulon",1,"Hierba","Perenne","No evaluada","nativa","NE","NE",,,,,,
230,"Asteraceae","Pterocaulon balansae",25,"Pterocaulon balansae","Pterocaulon",7,"Hierba","Perenne","No evaluada","nativa","NE","NE",,,,,,
231,"Asteraceae","Pterocaulon cordobense",1,"Pterocaulon cordobense","Pterocaulon",5,"Hierba","Perenne","No evaluada","nativa","NE","NE",,,,,,
232,"Asteraceae","Pterocaulon lorentzii",12,"Pterocaulon lorentzii","Pterocaulon",8,"Hierba","Anual","No evaluada","nativa","NE","NE",,,,,,
233,"Asteraceae","Pterocaulon polypterum",1,"Pterocaulon polypterum","Pterocaulon",1,"Hierba","Perenne","No evaluada","NE","NE","NE",,,,,,
234,"Asteraceae","Pterocaulon polystachyum",24,"Pterocaulon polystachyum","Pterocaulon",3,"Hierba","Perenne","No evaluada","nativa","NE","NE",,,,,,
235,"Asteraceae","Pterocaulon virgatum",4,"Pterocaulon virgatum","Pterocaulon",5,"Hierba","Anual","No evaluada","nativa","NE","NE",,,,,,
236,"Asteraceae","Radlkoferotoma berroi",1,"Radlkoferotoma berroi","Radlkoferotoma",2,"Arbusto","Perenne","Prioritaria","nativa","NE","NE",,,,,,
109,"Asteraceae","Disynaphia calyculata",2,,,,,,,,,,,,,,,"new species"
238,"Asteraceae","Radlkoferotoma cistifolium",12,"Radlkoferotoma cistifolium","Radlkoferotoma",2,"Arbusto","Perenne","Prioritaria","nativa","NE","NE",,,,,,
239,"Asteraceae","Raulinoreitzia tremula",1,"Raulinoreitzia tremula","Raulinoreitzia",4,"Arbusto","Perenne","No Prioritaria","nativa","NE","NE",,,,,,
240,"Asteraceae","Schlechtendalia luzulifolia",79,"Schlechtendalia luzulifolia","Schlechtendalia",5,"Hierba","Perenne","Prioritaria","nativa","NE","NE",,,,,,
110,"Asteraceae","Disynaphia spathulata",2,,,,,,,,,,,,,,,"new species"
242,"Asteraceae","Senecio bonariensis",49,"Senecio bonariensis","Senecio",8,"Hierba","Perenne","No evaluada","nativa","NE","NE",,,,,,
243,"Asteraceae","Senecio brasiliensis",78,"Senecio brasiliensis","Senecio",6,"Hierba","Perenne","No evaluada","nativa","NE","NE",,,,,,
244,"Asteraceae","Senecio ceratophylloides",4,"Senecio ceratophylloides","Senecio",3,"Hierba","Perenne","No evaluada","nativa","NE","NE",,,,,,
152,"Asteraceae","Helenium amarum",2,,,,,,,,,,"Potencial introducida","-","-","https://powo.science.kew.org/taxon/urn:lsid:ipni.org:names:118685-2",,"non-native"
246,"Asteraceae","Senecio crassiflorus",220,"Senecio crassiflorus","Senecio",6,"Hierba","Perenne","No evaluada","nativa","NE","NE",,,,,,
247,"Asteraceae","Senecio heterotrichius",23,"Senecio heterotrichius","Senecio",6,"Hierba","Perenne","No evaluada","nativa","NE","NE",,,,,,
158,"Asteraceae","Hieracium palezieuxii",2,,,,,,,,,,,,,,,"new species"
249,"Asteraceae","Senecio madagascariensis",157,"Senecio madagascariensis","Senecio",5,"Hierba","Perenne","No evaluada","introducida","NE","NE",,,,,,
176,"Asteraceae","Laceanthos cymosus",2,,,,,,,,,,,,,,"Calea cymosa",
251,"Asteraceae","Senecio ostenii",37,"Senecio ostenii","Senecio",1,"Subarbusto","Perenne","Prioritaria","nativa","NE","NE",,,,,,
252,"Asteraceae","Senecio pinnatus",1,"Senecio pinnatus","Senecio",5,"Subarbusto","Perenne","No evaluada","nativa","NE","NE",,,,,,
253,"Asteraceae","Senecio platensis",25,"Senecio platensis","Senecio",3,"Subarbusto","Perenne","No evaluada","nativa","NE","NE",,,,,,
254,"Asteraceae","Senecio pterophorus",12,"Senecio pterophorus","Senecio",4,"Hierba","Perenne","No evaluada","nativa","NE","NE",,,,,,
255,"Asteraceae","Senecio pulcher",16,"Senecio pulcher","Senecio",4,"Hierba","Perenne","No evaluada","nativa","NE","NE",,,,,,
224,"Asteraceae","Praxelis clematidea",2,,,,,,,,,,,,,,,"new species"
257,"Asteraceae","Senecio selloi",116,"Senecio selloi","Senecio",7,"Subarbusto","Perenne","No evaluada","nativa","NE","NE",,,,,,
237,"Asteraceae","Radlkoferotoma cistifolia",2,,,,,,,,,,,,,,"Radlkoferotoma cistifolium",
259,"Asteraceae","Senecio tweediei",8,"Senecio tweediei","Senecio",3,"Hierba","Anual","No evaluada","NE","NE","NE",,,,,,
260,"Asteraceae","Senecio viravira",12,"Senecio viravira","Senecio",5,"Subarbusto","Perenne","No evaluada","NE","NE","NE",,,,,,
261,"Asteraceae","Senecio vulgaris",4,"Senecio vulgaris","Senecio",1,"Hierba","Anual","No evaluada","NE","NE","NE",,,,,,
262,"Asteraceae","Silybum marianum",13,"Silybum marianum","Silybum",1,"Hierba","Anual","No evaluada","NE","LC","Stable",,,,,,
263,"Asteraceae","Smallanthus connatus",3,"Smallanthus connatus","Smallanthus",6,"Hierba","NE","No evaluada","nativa","NE","NE",,,,,,
264,"Asteraceae","Solidago chilensis",78,"Solidago chilensis","Solidago",3,"Hierba","Perenne","No evaluada","nativa","NE","NE",,,,,,
271,"Asteraceae","Sphagneticola trilobata",2,,,,,,,,,,,,,,,"new species"
266,"Asteraceae","Soliva sessilis",6,"Soliva sessilis","Soliva",3,"Hierba","Anual","No evaluada","nativa","NE","NE",,,,,,
267,"Asteraceae","Sommerfeltia cabrerae",2,"Sommerfeltia cabrerae","Sommerfeltia",2,"Hierba","Perenne","Prioritaria","nativa","NE","NE",,,,,,
268,"Asteraceae","Sommerfeltia spinulosa",39,"Sommerfeltia spinulosa","Sommerfeltia",5,"Arbusto","Perenne","Prioritaria","nativa","NE","NE",,,,,,
269,"Asteraceae","Sonchus asper",15,"Sonchus asper","Sonchus",4,"Hierba","Anual","No evaluada","introducida","NE","NE",,,,,,
270,"Asteraceae","Sonchus oleraceus",70,"Sonchus oleraceus","Sonchus",8,"Hierba","Anual","No evaluada","introducida","NE","NE",,,,,,
283,"Asteraceae","Tanacetum parthenium",2,,,,,,,,,,,,,,,"non native"
272,"Asteraceae","Stenachaenium macrocephalum",22,"Stenachaenium macrocephalum","Stenachaenium",1,"Hierba","Perenne","No evaluada","NE","NE","NE","Está","Está","NO","https://powo.science.kew.org/taxon/urn:lsid:ipni.org:names:77233407-1",,
273,"Asteraceae","Stenachaenium megapotamicum",11,"Stenachaenium megapotamicum","Stenachaenium",10,"Hierba","Perenne","No evaluada","nativa","NE","NE",,,,,,
274,"Asteraceae","Stenachaenium riedelii",10,"Stenachaenium riedelii","Stenachaenium",2,"Hierba","Perenne","No evaluada","nativa","NE","NE",,,,,,
275,"Asteraceae","Stenocephalum megapotamicum",1,"Stenocephalum megapotamicum","Stenocephalum",9,"Subarbusto","Perenne","No evaluada","nativa","NE","NE",,,,,,
276,"Asteraceae","Stevia aristata",1,"Stevia aristata","Stevia",2,"Hierba","Perenne","No evaluada","nativa","NE","NE",,,,,,
277,"Asteraceae","Stevia cinerascens",2,"Stevia cinerascens","Stevia",3,"Hierba","Perenne","No evaluada","NE","NE","NE",,,,,,
278,"Asteraceae","Stevia entreriensis",1,"Stevia entreriensis","Stevia",3,"Hierba","Perenne","No evaluada","NE","NE","NE",,,,,,
279,"Asteraceae","Stevia multiaristata",7,"Stevia multiaristata","Stevia",8,"Subarbusto","Perenne","No evaluada","nativa","NE","NE",,,,,,
280,"Asteraceae","Stevia satureiifolia",79,"Stevia satureiifolia","Stevia",7,"Subarbusto","Perenne","No evaluada","NE","NE","NE",,,,,,
308,"Asteraceae","Zinnia elegans",2,,,,,,,,,,"Potencial introducida","-","-","https://powo.science.kew.org/taxon/urn:lsid:ipni.org:names:261331-1",,"non-native"
282,"Asteraceae","Tagetes minuta",11,"Tagetes minuta","Tagetes",4,"Hierba","Anual","No evaluada","nativa","NE","NE",,,,,,
333,"Cactaceae","Opuntia cochenillifera",2,,,,,,,,,,,,,,,"non native"
284,"Asteraceae","Tanacetum vulgare",1,"Tanacetum vulgare","Tanacetum",1,"Hierba","Perenne","No evaluada","NE","NE","NE",,,,,,
362,"Fabaceae","Acacia mearnsii",2,,,,,,,,,,,,,,,"non native"
286,"Asteraceae","Taraxacum officinale",43,"Taraxacum officinale","Taraxacum",2,"Hierba","Perenne","No evaluada","introducida","NE","NE",,,,,,
287,"Asteraceae","Tessaria absinthioides",37,"Tessaria absinthioides","Tessaria",3,"Arbusto","Perenne","No evaluada","nativa","NE","NE",,,,,,
410,"Fabaceae","Glycine max",2,,,,,,,,,,"Potencial introducida","-","-","https://powo.science.kew.org/taxon/urn:lsid:ipni.org:names:60450240-2",,"non-native"
446,"Fabaceae","Mimosa berroi",2,,,,,,,,,,,,,,,"new species"
290,"Asteraceae","Thelesperma megapotamicum",4,"Thelesperma megapotamicum","Thelesperma",1,"Hierba","Perenne","No evaluada","nativa","NE","NE","Está","Está","NO","https://powo.science.kew.org/taxon/urn:lsid:ipni.org:names:255473-1",,
486,"Fabaceae","Senna didymobotrya",2,,,,,,,,,,,,,,,"non native"
292,"Asteraceae","Trichocline cisplatina",5,"Trichocline cisplatina","Trichocline",1,"Hierba","Perenne","No evaluada","NE","NE","NE",,,,,,
293,"Asteraceae","Trichocline humilis",6,"Trichocline humilis","Trichocline",7,"Hierba","Perenne","No evaluada","nativa","NE","NE",,,,,,
294,"Asteraceae","Trichocline incana",58,"Trichocline incana","Trichocline",7,"Hierba","Perenne","No evaluada","nativa","NE","NE",,,,,,
295,"Asteraceae","Trichocline minuana",3,"Trichocline minuana","Trichocline",3,"Hierba","Perenne","No evaluada","NE","NE","NE",,,,,,
296,"Asteraceae","Trixis nobilis",6,"Trixis nobilis","Trixis",12,"Subarbusto","Perenne","No evaluada","nativa","NE","NE",,,,,,
297,"Asteraceae","Trixis praestans",35,"Trixis praestans","Trixis",9,"Arbusto","Perenne","No Prioritaria","nativa","NE","NE",,,,,,
298,"Asteraceae","Urolepis hecatantha",46,"Urolepis hecatantha","Urolepis",10,"Hierba","Anual","No evaluada","nativa","NE","NE",,,,,,
299,"Asteraceae","Urospermum picroides",10,"Urospermum picroides","Urospermum",1,"Hierba","Anual","No evaluada","introducida","NE","NE",,,,,,
300,"Asteraceae","Verbesina subcordata",13,"Verbesina subcordata","Verbesina",12,"Subarbusto","Perenne","No Prioritaria","nativa","NE","NE",,,,,,
301,"Asteraceae","Vernonanthura montevidensis",23,"Vernonanthura montevidensis","Vernonanthura",9,"Arbusto","Perenne","No Prioritaria","nativa","NE","NE",,,,,,
302,"Asteraceae","Vernonanthura nudiflora",26,"Vernonanthura nudiflora","Vernonanthura",8,"Subarbusto","Perenne","No evaluada","nativa","NE","NE",,,,,,
489,"Fabaceae","Senna occidentalis",2,,,,,,,,,,,,,,,"new species"
304,"Asteraceae","Xanthium cavanillesii",5,"Xanthium cavanillesii","Xanthium",6,"Hierba","Anual","No evaluada","NE","NE","NE",,,,,,
305,"Asteraceae","Xanthium spinosum",16,"Xanthium spinosum","Xanthium",8,"Hierba","Anual","No evaluada","introducida","NE","NE",,,,,,
306,"Asteraceae","Xanthium strumarium",35,"Xanthium strumarium","Xanthium",6,"Hierba","Anual","No evaluada","introducida","NE","NE",,,,,,
520,"Solanaceae","Brugmansia arborea",2,,,,,,,,,,"Potencial introducida","-","-","https://powo.science.kew.org/taxon/urn:lsid:ipni.org:names:77109574-1",,"non-native"
10,"Asteraceae","Aldama breviflosculosa",1,,,,,,,,,,,,,,,"new species"
12,"Asteraceae","Aldama tuberosa",1,,,,,,,,,,,,,,,"new species"
310,"Cactaceae","Brasiliopuntia brasiliensis",1,"Brasiliopuntia brasiliensis","Brasiliopuntia",1,"Arbol","Perenne","No evaluada","NE","LC","Decreasing","Está","Está","NO","https://powo.science.kew.org/taxon/urn:lsid:ipni.org:names:129102-1",,
311,"Cactaceae","Cereus hildmannianus",164,"Cereus hildmannianus","Cereus",1,"Arbol","Perenne","No evaluada","NE","LC","Decreasing","Está","Está","NO","https://powo.science.kew.org/taxon/urn:lsid:ipni.org:names:53030-2",,
312,"Cactaceae","Echinopsis oxygona",29,"Echinopsis oxygona","Echinopsis",2,"Hierba","Perenne","No evaluada","NE","LC","Stable",,,,,,
313,"Cactaceae","Echinopsis rhodotricha",3,"Echinopsis rhodotricha","Echinopsis",3,"Hierba","Perenne","No evaluada","NE","LC","Stable",,,,,,
26,"Asteraceae","Baccharis cognata",1,,,,,,,,,,,,,,,"new species"
315,"Cactaceae","Frailea gracillima",3,"Frailea gracillima","Frailea",3,"Hierba","Perenne","Prioritaria","NE","VU","Decreasing",,,,,,
316,"Cactaceae","Frailea pumila",3,"Frailea pumila","Frailea",4,"Hierba","Perenne","Prioritaria","NE","LC","Stable",,,,,,
317,"Cactaceae","Frailea pygmaea",42,"Frailea pygmaea","Frailea",6,"Hierba","Perenne","No evaluada","nativa","LC","Stable",,,,,,
318,"Cactaceae","Frailea schilinzkyana",6,"Frailea schilinzkyana","Frailea",1,"Hierba","Perenne","Prioritaria","nativa","VU","Decreasing",,,,,,
319,"Cactaceae","Gymnocalycium denudatum",8,"Gymnocalycium denudatum","Gymnocalycium",3,"Hierba","Perenne","Prioritaria","nativa","EN","Decreasing",,,,,,
320,"Cactaceae","Gymnocalycium hyptiacanthum",7,"Gymnocalycium hyptiacanthum","Gymnocalycium",9,"Hierba","Perenne","No evaluada","NE","LC","Decreasing",,,,,,
321,"Cactaceae","Gymnocalycium schroederianum",3,"Gymnocalycium schroederianum","Gymnocalycium",1,"Hierba","Perenne","Prioritaria","NE","LC","Stable",,,,,,
322,"Cactaceae","Gymnocalycium uruguayense",3,"Gymnocalycium uruguayense","Gymnocalycium",19,"Hierba","Perenne","No evaluada","NE","VU","Decreasing",,,,,,
33,"Asteraceae","Baccharis gibertii",1,,,,,,,,,,,,,,,"new species"
324,"Cactaceae","Harrisia bonplandii",3,"Harrisia bonplandii","Harrisia",1,"Hierba","Perenne","No evaluada","NE","NE","NE","No está","No está","SI","https://powo.science.kew.org/taxon/urn:lsid:ipni.org:names:117992-2",,
39,"Asteraceae","Baccharis microcephala",1,,,,,,,,,,,,,,,"new species"
44,"Asteraceae","Baccharis palustris",1,,,,,,,,,,,,,,,"new species"
327,"Cactaceae","Harrisia regelii",2,"Harrisia regelii","Harrisia",2,"Subarbusto","Perenne","No evaluada","NE","LC","Stable",,,,,,
328,"Cactaceae","Lepismium cruciforme",3,"Lepismium cruciforme","Lepismium",4,"Hierba","Perenne","Prioritaria","NE","LC","Decreasing",,,,,,
329,"Cactaceae","Lepismium lumbricoides",49,"Lepismium lumbricoides","Lepismium",13,"Hierba","Perenne","No evaluada","NE","LC","Stable",,,,,,
330,"Cactaceae","Opuntia arechavaletae",66,"Opuntia arechavaletae","Opuntia",2,"Arbusto","Perenne","No evaluada","nativa","LC","Unknown",,,,,,
331,"Cactaceae","Opuntia aurantiaca",33,"Opuntia aurantiaca","Opuntia",1,"Subarbusto","Perenne","No evaluada","nativa","LC","Stable",,,,,,
332,"Cactaceae","Opuntia bonaerensis",14,"Opuntia bonaerensis","Opuntia",1,"Subarbusto","Perenne","No evaluada","NE","NE","NE","Está","Está","NO","https://powo.science.kew.org/taxon/urn:lsid:ipni.org:names:174871-2",,
51,"Asteraceae","Baccharis sessiliflora",1,,,,,,,,,,,,,,,"new species"
334,"Cactaceae","Opuntia elata",13,"Opuntia elata","Opuntia",4,"Hierba","Perenne","No evaluada","nativa","LC","Stable",,,,,,
71,"Asteraceae","Carduus tenuiflorus",1,,,,,,,,,,,,,,,"non native"
336,"Cactaceae","Opuntia megapotamica",6,"Opuntia megapotamica","Opuntia",19,"Arbusto","Perenne","No evaluada","NE","LC","Stable",,,,,,
337,"Cactaceae","Opuntia monacantha",30,"Opuntia monacantha","Opuntia",1,"Arbusto","Perenne","No evaluada","introducida","LC","Stable","Está","Está","NO","https://powo.science.kew.org/taxon/urn:lsid:ipni.org:names:323260-2",,
338,"Cactaceae","Opuntia rioplatense",13,"Opuntia rioplatense","Opuntia",4,"Hierba","Perenne","No evaluada","NE","NE","NE",,,,,,
98,"Asteraceae","Cosmos sulphureus",1,,,,,,,,,,"Potencial introducida","-","-","https://powo.science.kew.org/taxon/urn:lsid:ipni.org:names:198368-1",,"non-native"
340,"Cactaceae","Opuntia sulphurea",4,"Opuntia sulphurea","Opuntia",1,"Subarbusto","Perenne","Prioritaria","nativa","LC","Stable",,,,,,
108,"Asteraceae","Dimorphotheca ecklonis",1,,,,,,,,,,"Potencial introducida","-","-","https://powo.science.kew.org/taxon/urn:lsid:ipni.org:names:201468-1",,"non-native"
342,"Cactaceae","Parodia concinna",42,"Parodia concinna","Parodia",7,"Hierba","Anual","No evaluada","nativa","VU","Decreasing",,,,,,
111,"Asteraceae","Dittrichia viscosa",1,,,,,,,,,,,,,,,"non native"
344,"Cactaceae","Parodia erubescens",5,"Parodia erubescens","Parodia",1,"NE","NE","No evaluada","NE","NE","NE","Está","Está","NO","https://powo.science.kew.org/taxon/urn:lsid:ipni.org:names:1001459-1",,
132,"Asteraceae","Gamochaeta argentina",1,,,,,,,,,,,,,,,"new species"
346,"Cactaceae","Parodia herteri",2,"Parodia herteri","Parodia",2,"Hierba","Perenne","Prioritaria","nativa","CR","Decreasing",,,,,,
347,"Cactaceae","Parodia langsdorfii",9,"Parodia langsdorfii","Parodia",1,"NE","NE","Prioritaria","nativa","VU","Decreasing","No está","Está","NO","https://powo.science.kew.org/taxon/urn:lsid:ipni.org:names:1001460-1",,
348,"Cactaceae","Parodia mammulosa",95,"Parodia mammulosa","Parodia",11,"Hierba","Perenne","No evaluada","nativa","LC","Stable",,,,,,
349,"Cactaceae","Parodia mueller-melchersii",6,"Parodia mueller-melchersii","Parodia",3,"Hierba","Perenne","Prioritaria","nativa","EN","Decreasing",,,,,,
350,"Cactaceae","Parodia neoarechavaletae",3,"Parodia neoarechavaletae","Parodia",1,"NE","NE","No evaluada","NE","VU","Decreasing","Está","Está","NO","https://powo.science.kew.org/taxon/urn:lsid:ipni.org:names:1001461-1",,
351,"Cactaceae","Parodia ottonis",94,"Parodia ottonis","Parodia",19,"Hierba","Perenne","No evaluada","nativa","VU","Decreasing",,,,,,
352,"Cactaceae","Parodia oxycostata",1,"Parodia oxycostata","Parodia",1,"Hierba","Perenne","No evaluada","NE","VU","Decreasing","No está","No está","SI","https://powo.science.kew.org/taxon/urn:lsid:ipni.org:names:1005821-1",,
353,"Cactaceae","Parodia scopa",93,"Parodia scopa","Parodia",5,"Hierba","Perenne","No evaluada","nativa","VU","Decreasing",,,,,,
354,"Cactaceae","Parodia tenuicylindrica",6,"Parodia tenuicylindrica","Parodia",1,"Hierba","Perenne","Prioritaria","nativa","EN","Decreasing","Está","Está","NO","https://powo.science.kew.org/taxon/urn:lsid:ipni.org:names:1001465-1",,
136,"Asteraceae","Gamochaeta stachydifolia",1,,,,,,,,,,,,,,,"new species"
356,"Cactaceae","Rhipsalis cereuscula",2,"Rhipsalis cereuscula","Rhipsalis",2,"Hierba","Perenne","Prioritaria","NE","LC","Decreasing",,,,,,
142,"Asteraceae","Grindelia linearifolia",1,,,,,,,,,,,,,,,"new species"
154,"Asteraceae","Helianthus annuus",1,,,,,,,,,,"Introducida",,"-","https://powo.science.kew.org/taxon/urn:lsid:ipni.org:names:119003-2",,"non-native"
359,"Fabaceae","Acacia dealbata",26,"Acacia dealbata","Acacia",4,"Arbol","Perenne","No evaluada","NE","LC","Unknown",,,,,,
164,"Asteraceae","Hypochaeris glabra",1,,,,,,,,,,,,,,,"non native"
361,"Fabaceae","Acacia longifolia",106,"Acacia longifolia","Acacia",5,"Arbol","Perenne","No evaluada","NE","LC","Unknown",,,,,,
166,"Asteraceae","Hypochaeris lutea",1,,,,,,,,,,,,,,,"new species"
363,"Fabaceae","Acacia melanoxylon",9,"Acacia melanoxylon","Acacia",3,"Arbol","Perenne","No evaluada","NE","NE","NE",,,,,,
178,"Asteraceae","Lactuca sativa",1,,,,,,,,,,"Potencial introducida","-","-","https://powo.science.kew.org/taxon/urn:lsid:ipni.org:names:228239-1",,"non-native"
181,"Asteraceae","Leptostelma tweediei",1,,,,,,,,,,,,,,,"new species"
366,"Fabaceae","Adesmia bicolor",7,"Adesmia bicolor","Adesmia",16,"Hierba","Perenne","No evaluada","nativa","NE","NE",,,,,,
367,"Fabaceae","Adesmia incana",2,"Adesmia incana","Adesmia",9,"Hierba","Perenne","No evaluada","nativa","NE","NE",,,,,,
368,"Fabaceae","Adesmia latifolia",4,"Adesmia latifolia","Adesmia",13,"Hierba","Perenne","No evaluada","nativa","NE","NE",,,,,,
192,"Asteraceae","Melanthera latifolia",1,,,,,,,,,,,,,,,"new species"
370,"Fabaceae","Adesmia punctata",12,"Adesmia punctata","Adesmia",16,"Hierba","Perenne","No evaluada","nativa","NE","NE",,,,,,
371,"Fabaceae","Adesmia securigerifolia",18,"Adesmia securigerifolia","Adesmia",9,"Hierba","Anual","No evaluada","nativa","NE","NE",,,,,,
372,"Fabaceae","Aeschynomene montevidensis",7,"Aeschynomene montevidensis","Aeschynomene",7,"Arbusto","Perenne","No Prioritaria","nativa","NE","NE",,,,,,
373,"Fabaceae","Albizia inundata",3,"Albizia inundata","Albizia",5,"Arbol","Perenne","No Prioritaria","nativa","LC","Stable","Está","Está","NO","https://powo.science.kew.org/taxon/urn:lsid:ipni.org:names:77303820-1",,
195,"Asteraceae","Micropsis dasycarpa",1,,,,,,,,,,,,,,,"new species"
375,"Fabaceae","Ancistrotropis clitorioides",1,"Ancistrotropis clitorioides","Ancistrotropis",3,"Enredadera","Perenne","No evaluada","nativa","NE","NE",,,,,,
376,"Fabaceae","Arachis burkartii",7,"Arachis burkartii","Arachis",5,"Hierba","Perenne","Prioritaria","nativa","NE","NE",,,,,,
377,"Fabaceae","Arachis villosa",12,"Arachis villosa","Arachis",9,"Hierba","Perenne","No evaluada","nativa","NT","Unknown",,,,,,
378,"Fabaceae","Bauhinia forficata",32,"Bauhinia forficata","Bauhinia",4,"Arbol","Perenne","No Prioritaria","nativa","LC","Stable",,,,,,
201,"Asteraceae","Mikania sulcata",1,,,,,,,,,,,,,,,"new species"
205,"Asteraceae","Neja filiformis",1,,,,,,,,,,,,,,,"new species"
381,"Fabaceae","Calliandra parvifolia",7,"Calliandra parvifolia","Calliandra",8,"Arbusto","Perenne","No Prioritaria","nativa","LC","Stable",,,,,,
382,"Fabaceae","Calliandra selloi",7,"Calliandra selloi","Calliandra",4,"Arbusto","Perenne","No evaluada","NE","NE","NE",,,,,,
383,"Fabaceae","Calliandra tweediei",60,"Calliandra tweediei","Calliandra",13,"Arbusto","Perenne","No evaluada","NE","LC","Stable",,,,,,
384,"Fabaceae","Camptosema rubicundum",50,"Camptosema rubicundum","Camptosema",16,"Liana","Perenne","No evaluada","nativa","NE","NE",,,,,,
385,"Fabaceae","Canavalia bonariensis",15,"Canavalia bonariensis","Canavalia",8,"Liana","Perenne","No evaluada","nativa","NE","NE",,,,,,
386,"Fabaceae","Centrosema virginianum",8,"Centrosema virginianum","Centrosema",7,"Hierba","Perenne","No evaluada","nativa","NE","NE",,,,,,
387,"Fabaceae","Chamaecrista flexuosa",2,"Chamaecrista flexuosa","Chamaecrista",3,"Hierba","Perenne","No evaluada","NE","NE","NE",,,,,,
388,"Fabaceae","Chamaecrista repens",2,"Chamaecrista repens","Chamaecrista",4,"Hierba","Perenne","No evaluada","nativa","NE","NE",,,,,,
208,"Asteraceae","Noticastrum chebataroffii",1,,,,,,,,,,,,,,,"new species"
390,"Fabaceae","Clitoria nana",2,"Clitoria nana","Clitoria",2,"Hierba","Anual","Prioritaria","NE","NE","NE",,,,,,
391,"Fabaceae","Collaea stenophylla",7,"Collaea stenophylla","Collaea",8,"Subarbusto","Perenne","No Prioritaria","nativa","NE","NE",,,,,,
212,"Asteraceae","Noticastrum sericeum",1,,,,,,,,,,,,,,,"new species"
393,"Fabaceae","Desmanthus acuminatus",2,"Desmanthus acuminatus","Desmanthus",15,"Hierba","Perenne","No evaluada","NE","NE","NE",,,,,,
227,"Asteraceae","Pseudogynoxys chenopodioides",1,,,,,,,,,,"Potencial introducida","-","-","https://powo.science.kew.org/taxon/urn:lsid:ipni.org:names:211361-2",,"non-native"
395,"Fabaceae","Desmodium affine",3,"Desmodium affine","Desmodium",6,"Hierba","Perenne","No evaluada","nativa","NE","NE",,,,,,
396,"Fabaceae","Desmodium arechavaletae",1,"Desmodium arechavaletae","Desmodium",4,"Subarbusto","Perenne","No evaluada","NE","NE","NE",,,,,,
397,"Fabaceae","Desmodium incanum",22,"Desmodium incanum","Desmodium",9,"Hierba","Perenne","No evaluada","nativa","NE","NE",,,,,,
398,"Fabaceae","Discolobium psoraleifolium",1,"Discolobium psoraleifolium","Discolobium",1,"Subarbusto","Perenne","No evaluada","NE","NE","NE",,,,,,
399,"Fabaceae","Enterolobium contortisiliquum",9,"Enterolobium contortisiliquum","Enterolobium",5,"Arbol","Perenne","No Prioritaria","nativa","LC","Stable",,,,,,
400,"Fabaceae","Erythrina crista-galli",128,"Erythrina crista-galli","Erythrina",10,"Arbol","Perenne","No Prioritaria","nativa","LC","Stable",,,,,,
256,"Asteraceae","Senecio saltensis",1,,,,,,,,,,,,,,,"new species"
402,"Fabaceae","Erythrostemon gilliesii",2,"Erythrostemon gilliesii","Erythrostemon",4,"Arbusto","Perenne","No Prioritaria","nativa","NE","NE",,,,,,
403,"Fabaceae","Galactia australis",3,"Galactia australis","Galactia",7,"Subarbusto","Perenne","No evaluada","NE","NE","NE",,,,,,
404,"Fabaceae","Galactia benthamiana",1,"Galactia benthamiana","Galactia",6,"Hierba","Perenne","No evaluada","NE","NE","NE",,,,,,
405,"Fabaceae","Galactia gracillima",1,"Galactia gracillima","Galactia",5,"Hierba","Perenne","No evaluada","NE","NE","NE",,,,,,
406,"Fabaceae","Genista monspessulana",15,"Genista monspessulana","Genista",3,"Arbusto","Perenne","No evaluada","NE","NE","NE",,,,,,
407,"Fabaceae","Geoffroea decorticans",31,"Geoffroea decorticans","Geoffroea",5,"Arbol","Perenne","No Prioritaria","nativa","LC","Stable",,,,,,
408,"Fabaceae","Gleditsia amorphoides",3,"Gleditsia amorphoides","Gleditsia",3,"Arbol","Perenne","Prioritaria","nativa","NE","NE",,,,,,
409,"Fabaceae","Gleditsia triacanthos",54,"Gleditsia triacanthos","Gleditsia",4,"Arbol","Perenne","No evaluada","introducida","LC","Stable",,,,,,
265,"Asteraceae","Soliva macrocephala",1,,,,,,,,,,,,,,,"new species"
285,"Asteraceae","Taraxacum erythrospermum",1,,,,,,,,,,"Potencial introducida","-","-","https://powo.science.kew.org/taxon/urn:lsid:ipni.org:names:249536-2",,"non-native"
412,"Fabaceae","Indigofera asperifolia",1,"Indigofera asperifolia","Indigofera",7,"Hierba","Perenne","No evaluada","nativa","LC","Unknown",,,,,,
288,"Asteraceae","Tessaria dodonaeifolia",1,,,,,,,,,,,,,,,"new species"
289,"Asteraceae","Tessaria integrifolia",1,,,,,,,,,,,,,,,"new species"
415,"Fabaceae","Inga uraguensis",22,"Inga uraguensis","Inga",6,"Arbol","Perenne","No evaluada","nativa","NE","NE",,,,,,
291,"Asteraceae","Tragopogon porrifolius",1,,,,,,,,,,"Potencial introducida","-","-","https://powo.science.kew.org/taxon/urn:lsid:ipni.org:names:256109-1",,"non-native"
417,"Fabaceae","Lathyrus nervosus",21,"Lathyrus nervosus","Lathyrus",9,"Hierba","Perenne","No evaluada","nativa","NE","NE",,,,,,
309,"Cactaceae","Austrocylindropuntia subulata",1,,,,,,,,,,,,,,,"non native"
419,"Fabaceae","Lathyrus pubescens",15,"Lathyrus pubescens","Lathyrus",14,"Hierba","Perenne","No evaluada","nativa","NE","NE",,,,,,
420,"Fabaceae","Lathyrus pusillus",1,"Lathyrus pusillus","Lathyrus",16,"Hierba","Anual","No evaluada","nativa","NE","NE",,,,,,
421,"Fabaceae","Lathyrus subulatus",5,"Lathyrus subulatus","Lathyrus",18,"Hierba","Perenne","No evaluada","nativa","NE","NE",,,,,,
422,"Fabaceae","Leptospron adenanthum",3,"Leptospron adenanthum","Leptospron",7,"Enredadera","Perenne","No evaluada","nativa","NE","NE",,,,,,
423,"Fabaceae","Lotus corniculatus",13,"Lotus corniculatus","Lotus",2,"Hierba","Perenne","No evaluada","introducida","NE","NE",,,,,,
424,"Fabaceae","Lotus subbiflorus",5,"Lotus subbiflorus","Lotus",7,"Hierba","Anual","No evaluada","NE","NE","NE",,,,,,
425,"Fabaceae","Lotus tenuis",1,"Lotus tenuis","Lotus",3,"Hierba","Perenne","No evaluada","NE","NE","NE",,,,,,
426,"Fabaceae","Lupinus albescens",12,"Lupinus albescens","Lupinus",6,"Hierba","Perenne","No evaluada","NE","NE","NE",,,,,,
427,"Fabaceae","Lupinus bracteolaris",73,"Lupinus bracteolaris","Lupinus",14,"Hierba","Anual","No evaluada","nativa","NE","NE",,,,,,
428,"Fabaceae","Lupinus gibertianus",26,"Lupinus gibertianus","Lupinus",12,"Hierba","Anual","No evaluada","nativa","NE","NE",,,,,,
429,"Fabaceae","Lupinus lanatus",4,"Lupinus lanatus","Lupinus",2,"Hierba","Perenne","Prioritaria","NE","NE","NE",,,,,,
430,"Fabaceae","Lupinus linearis",4,"Lupinus linearis","Lupinus",12,"Hierba","Anual","Prioritaria","nativa","NE","NE",,,,,,
431,"Fabaceae","Lupinus multiflorus",67,"Lupinus multiflorus","Lupinus",10,"Hierba","Perenne","No evaluada","nativa","NE","NE",,,,,,
314,"Cactaceae","Frailea castanea",1,,,,,,,,,,,,,,,"new species"
433,"Fabaceae","Macroptilium lathyroides",1,"Macroptilium lathyroides","Macroptilium",1,"Hierba","Anual","No evaluada","NE","NE","NE",,,,,,
434,"Fabaceae","Macroptilium prostratum",14,"Macroptilium prostratum","Macroptilium",14,"Hierba","Perenne","No evaluada","nativa","NE","NE",,,,,,
435,"Fabaceae","Medicago arabica",13,"Medicago arabica","Medicago",6,"Hierba","Anual","No evaluada","NE","NE","NE",,,,,,
436,"Fabaceae","Medicago lupulina",16,"Medicago lupulina","Medicago",8,"Hierba","Anual","No evaluada","introducida","NE","NE",,,,,,
437,"Fabaceae","Medicago minima",1,"Medicago minima","Medicago",16,"Hierba","Anual","No evaluada","NE","NE","NE",,,,,,
438,"Fabaceae","Medicago polymorpha",9,"Medicago polymorpha","Medicago",1,"Hierba","Anual","No evaluada","introducida","NE","NE",,,,,,
439,"Fabaceae","Medicago sativa",15,"Medicago sativa","Medicago",4,"Hierba","Perenne","No evaluada","introducida","LC","Stable",,,,,,
440,"Fabaceae","Melilotus albus",18,"Melilotus albus","Melilotus",5,"Hierba","Bianual","No evaluada","introducida","NE","NE",,,,,,
441,"Fabaceae","Melilotus indicus",13,"Melilotus indicus","Melilotus",10,"Hierba","Anual","No evaluada","introducida","NE","NE",,,,,,
323,"Cactaceae","Gymnocalycium volskyi",1,,,,,,,,,,,,,,,"new species"
443,"Fabaceae","Mimosa australis",12,"Mimosa australis","Mimosa",4,"Arbusto","Perenne","Prioritaria","NE","NE","NE",,,,,,
444,"Fabaceae","Mimosa axillarioides",1,"Mimosa axillarioides","Mimosa",4,"Hierba","Perenne","No evaluada","NE","NE","NE",,,,,,
325,"Cactaceae","Harrisia martinii",1,,,,,,,,,,,,,,,"new species"
339,"Cactaceae","Opuntia salmiana",1,,,,,,,,,,,,,,,"new species"
447,"Fabaceae","Mimosa bifurca",6,"Mimosa bifurca","Mimosa",1,"Arbusto","Perenne","Prioritaria","nativa","NE","NE",,,,,,
448,"Fabaceae","Mimosa bimucronata",2,"Mimosa bimucronata","Mimosa",3,"Arbusto","Perenne","Prioritaria","nativa","LC","Stable",,,,,,
449,"Fabaceae","Mimosa burkartii",13,"Mimosa burkartii","Mimosa",2,"Arbusto","Perenne","Prioritaria","NE","NE","NE",,,,,,
341,"Cactaceae","Parodia buiningii",1,,,,,,,,,,,,,,,"new species"
451,"Fabaceae","Mimosa dutrae",12,"Mimosa dutrae","Mimosa",3,"Hierba","Perenne","Prioritaria","nativa","NE","NE",,,,,,
452,"Fabaceae","Mimosa flagellaris",12,"Mimosa flagellaris","Mimosa",5,"Hierba","Perenne","No evaluada","nativa","NE","NE",,,,,,
345,"Cactaceae","Parodia fusca",1,,,,,,,,,,,,,,,"new species"
454,"Fabaceae","Mimosa magentea",4,"Mimosa magentea","Mimosa",2,"Arbusto","Perenne","Prioritaria","NE","NE","NE",,,,,,
455,"Fabaceae","Mimosa paupera",1,"Mimosa paupera","Mimosa",4,"Hierba","Perenne","No evaluada","nativa","NE","NE",,,,,,
456,"Fabaceae","Mimosa pigra",1,"Mimosa pigra","Mimosa",1,"Arbusto","Perenne","No Prioritaria","nativa","LC","Stable","Está","Está","NO","https://powo.science.kew.org/taxon/urn:lsid:ipni.org:names:313003-2",,
457,"Fabaceae","Mimosa pilulifera",5,"Mimosa pilulifera","Mimosa",7,"Arbusto","Perenne","No Prioritaria","nativa","LC","Stable",,,,,,
458,"Fabaceae","Mimosa ramulosa",18,"Mimosa ramulosa","Mimosa",9,"Arbusto","Perenne","No Prioritaria","nativa","NE","NE",,,,,,
355,"Cactaceae","Parodia werdermanniana",1,,,,,,,,,,,,,,,"new species"
357,"Cactaceae","Rhipsalis floccosa",1,,,,,,,,,,,,,,,"new species"
461,"Fabaceae","Mimosa schleidenii",6,"Mimosa schleidenii","Mimosa",6,"Subarbusto","Perenne","Prioritaria","NE","NE","NE",,,,,,
462,"Fabaceae","Mimosa sprengelii",12,"Mimosa sprengelii","Mimosa",9,"Arbusto","Perenne","No Prioritaria","nativa","NE","NE",,,,,,
463,"Fabaceae","Mimosa strigillosa",2,"Mimosa strigillosa","Mimosa",5,"Hierba","Perenne","No evaluada","nativa","NE","NE",,,,,,
358,"Cactaceae","Selenicereus undatus",1,,,,,,,,,,"Potencial introducida","-","-","https://powo.science.kew.org/taxon/urn:lsid:ipni.org:names:77163184-1",,"non-native"
465,"Fabaceae","Mimosa uraguensis",3,"Mimosa uraguensis","Mimosa",6,"Arbusto","Perenne","No Prioritaria","nativa","NE","NE",,,,,,
360,"Fabaceae","Acacia elata",1,,,,,,,,,,,,,,,"non native"
365,"Fabaceae","Acacia retinodes",1,,,,,,,,,,,,,,,"non native"
369,"Fabaceae","Adesmia muricata",1,,,,,,,,,,,,,,,"new species"
379,"Fabaceae","Bauhinia variegata",1,,,,,,,,,,"Potencial introducida","-","-","https://powo.science.kew.org/taxon/urn:lsid:ipni.org:names:481756-1",,"non-native"
470,"Fabaceae","Neptunia pubescens",1,"Neptunia pubescens","Neptunia",4,"Hierba","Perenne","No evaluada","nativa","NE","NE",,,,,,
471,"Fabaceae","Parapiptadenia rigida",3,"Parapiptadenia rigida","Parapiptadenia",6,"Arbol","Perenne","No Prioritaria","nativa","LC","Stable",,,,,,
472,"Fabaceae","Parkinsonia aculeata",52,"Parkinsonia aculeata","Parkinsonia",10,"Arbusto","Perenne","No Prioritaria","introducida","LC","Stable",,,,,,
473,"Fabaceae","Peltophorum dubium",3,"Peltophorum dubium","Peltophorum",4,"Arbol","Perenne","Prioritaria","nativa","LC","Stable",,,,,,
474,"Fabaceae","Poecilanthe parviflora",2,"Poecilanthe parviflora","Poecilanthe",7,"Arbusto","Perenne","No Prioritaria","nativa","DD","NE",,,,,,
475,"Fabaceae","Poiretia tetraphylla",7,"Poiretia tetraphylla","Poiretia",11,"Subarbusto","Perenne","No evaluada","nativa","NE","NE",,,,,,
476,"Fabaceae","Pomaria pilosa",2,"Pomaria pilosa","Pomaria",5,"Hierba","Perenne","No evaluada","nativa","NE","NE",,,,,,
477,"Fabaceae","Pomaria rubicunda",5,"Pomaria rubicunda","Pomaria",1,"Arbusto","Perenne","Prioritaria","NE","NE","NE","Está","Está","NO","https://powo.science.kew.org/taxon/urn:lsid:ipni.org:names:1117952-2",,
478,"Fabaceae","Psoralea pinnata",1,"Psoralea pinnata","Psoralea",2,"Arbusto","Perenne","No evaluada","NE","NE","NE",,,,,,
479,"Fabaceae","Rhynchosia corylifolia",4,"Rhynchosia corylifolia","Rhynchosia",7,"Hierba","Perenne","No evaluada","nativa","NE","NE",,,,,,
380,"Fabaceae","Calliandra parviflora",1,,,,,,,,,,,,,,,"wrong ID"
481,"Fabaceae","Rhynchosia lineata",2,"Rhynchosia lineata","Rhynchosia",7,"Hierba","Perenne","No evaluada","NE","NE","NE",,,,,,
482,"Fabaceae","Rhynchosia senna",3,"Rhynchosia senna","Rhynchosia",14,"Hierba","Perenne","No evaluada","nativa","LC","Stable",,,,,,
483,"Fabaceae","Robinia pseudoacacia",2,"Robinia pseudoacacia","Robinia",3,"Arbol","Perenne","No evaluada","NE","LC","Increasing",,,,,,
484,"Fabaceae","Senegalia bonariensis",56,"Senegalia bonariensis","Senegalia",13,"Arbusto","Perenne","No evaluada","nativa","NE","NE",,,,,,
485,"Fabaceae","Senna corymbosa",53,"Senna corymbosa","Senna",19,"Arbusto","Perenne","No Prioritaria","nativa","LC","Stable",,,,,,
389,"Fabaceae","Chamaecrista rotundifolia",1,,,,,,,,,,,,,,,"new species"
392,"Fabaceae","Ctenodon histrix",1,,,,,,,,,,,,,,,"new species"
488,"Fabaceae","Senna nana",3,"Senna nana","Senna",7,"Hierba","Perenne","No evaluada","NE","NE","NE",,,,,,
401,"Fabaceae","Erythrina speciosa",1,,,,,,,,,,,,,,,"new species"
411,"Fabaceae","Helicotropis hookeri",1,,,,,,,,,,,,,,,"new species"
491,"Fabaceae","Senna scabriuscula",3,"Senna scabriuscula","Senna",6,"Hierba","Perenne","No evaluada","NE","NE","NE",,,,,,
492,"Fabaceae","Sesbania punicea",68,"Sesbania punicea","Sesbania",12,"Arbol","Perenne","No Prioritaria","nativa","LC","Stable",,,,,,
493,"Fabaceae","Sesbania virgata",34,"Sesbania virgata","Sesbania",11,"Arbusto","Perenne","No Prioritaria","nativa","LC","Stable",,,,,,
494,"Fabaceae","Spartium junceum",33,"Spartium junceum","Spartium",3,"Arbusto","Perenne","No evaluada","introducida","NE","NE",,,,,,
495,"Fabaceae","Stylosanthes leiocarpa",7,"Stylosanthes leiocarpa","Stylosanthes",10,"Hierba","Perenne","No evaluada","nativa","NE","NE",,,,,,
496,"Fabaceae","Stylosanthes montevidensis",5,"Stylosanthes montevidensis","Stylosanthes",12,"Hierba","Perenne","No evaluada","nativa","NE","NE",,,,,,
497,"Fabaceae","Tephrosia cinerea",5,"Tephrosia cinerea","Tephrosia",8,"Hierba","Perenne","No evaluada","nativa","NE","NE",,,,,,
498,"Fabaceae","Tipuana tipu",8,"Tipuana tipu","Tipuana",2,"Arbol","Perenne","No evaluada","nativa","LC","Stable",,,,,,
413,"Fabaceae","Indigofera sabulicola",1,,,,,,,,,,,,,,,"new species"
500,"Fabaceae","Trifolium campestre",4,"Trifolium campestre","Trifolium",4,"Hierba","Anual","No evaluada","NE","NE","NE",,,,,,
414,"Fabaceae","Indigofera suffruticosa",1,,,,,,,,,,,,,,,"new species"
502,"Fabaceae","Trifolium polymorphum",27,"Trifolium polymorphum","Trifolium",16,"Hierba","Perenne","No evaluada","nativa","NE","NE",,,,,,
503,"Fabaceae","Trifolium pratense",34,"Trifolium pratense","Trifolium",2,"Hierba","Perenne","No evaluada","introducida","LC","Stable",,,,,,
504,"Fabaceae","Trifolium repens",40,"Trifolium repens","Trifolium",4,"Hierba","Perenne","No evaluada","introducida","NE","NE",,,,,,
416,"Fabaceae","Lathyrus latifolius",1,,,,,,,,,,,,,,,"non native"
506,"Fabaceae","Ulex europaeus",38,"Ulex europaeus","Ulex",4,"Arbusto","Perenne","No evaluada","introducida","LC","Stable",,,,,,
418,"Fabaceae","Lathyrus odoratus",1,,,,,,,,,,,,,,,"non native"
508,"Fabaceae","Vachellia caven",132,"Vachellia caven","Vachellia",14,"Arbusto","Perenne","No Prioritaria","nativa","LC","Stable",,,,,,
432,"Fabaceae","Macroptilium erythroloma",1,,,,,,,,,,,,,,,"new species"
510,"Fabaceae","Vicia benghalensis",16,"Vicia benghalensis","Vicia",8,"Hierba","Anual","No evaluada","introducida","NE","NE",,,,,,
511,"Fabaceae","Vicia faba",1,"Vicia faba","Vicia",1,"Hierba","Anual","No evaluada","NE","NE","NE",,,,,,
445,"Fabaceae","Mimosa balansae",1,,,,,,,,,,,,,,,"new species"
450,"Fabaceae","Mimosa cruenta",1,,,,,,,,,,,,,,,"new species"
514,"Fabaceae","Vicia sativa",22,"Vicia sativa","Vicia",4,"Hierba","Anual","No evaluada","introducida","LC","Stable",,,,,,
453,"Fabaceae","Mimosa incana",1,,,,,,,,,,,,,,,"new species"
516,"Fabaceae","Vigna longifolia",5,"Vigna longifolia","Vigna",6,"Enredadera","Perenne","No evaluada","nativa","LC","Stable",,,,,,
517,"Fabaceae","Vigna luteola",24,"Vigna luteola","Vigna",10,"Enredadera","Anual","No evaluada","nativa","LC","Stable",,,,,,
464,"Fabaceae","Mimosa tweedieana",1,,,,,,,,,,,,,,,"new species"
519,"Solanaceae","Bouchetia anomala",22,"Bouchetia anomala","Bouchetia",7,"Hierba","Perenne","No evaluada","nativa","NE","NE",,,,,,
467,"Fabaceae","Nanogalactia pretiosa",1,,,,,,,,,,,,,,"Galactia pretiosa",
521,"Solanaceae","Brunfelsia australis",5,"Brunfelsia australis","Brunfelsia",1,"Arbusto","Perenne","No evaluada","NE","LC","Stable","Está","Está","NO","https://powo.science.kew.org/taxon/urn:lsid:ipni.org:names:37517-2",,
522,"Solanaceae","Brunfelsia pauciflora",2,"Brunfelsia pauciflora","Brunfelsia",1,"Arbusto","Perenne","No evaluada","introducida","LC","Stable","No está","No está","SI","https://powo.science.kew.org/taxon/urn:lsid:ipni.org:names:814676-1",,
487,"Fabaceae","Senna hirsuta",1,,,,,,,,,,,,,,,"new species"
524,"Solanaceae","Calibrachoa humilis",10,"Calibrachoa humilis","Calibrachoa",1,"Subarbusto","Perenne","Prioritaria","nativa","NE","NE",,,,,,
525,"Solanaceae","Calibrachoa parviflora",14,"Calibrachoa parviflora","Calibrachoa",8,"Hierba","Anual","No evaluada","nativa","NE","NE",,,,,,
526,"Solanaceae","Calibrachoa pubescens",2,"Calibrachoa pubescens","Calibrachoa",1,"Hierba","Perenne","No evaluada","nativa","NE","NE",,,,,,
490,"Fabaceae","Senna pendula",1,,,,,,,,,,,,,,,"new species"
499,"Fabaceae","Trifolium angustifolium",1,,,,,,,,,,,,,,,"non native"
529,"Solanaceae","Capsicum annuum",1,"Capsicum annuum","Capsicum",1,"Arbusto","Perenne","No evaluada","nativa","LC","Stable",,,,,,
530,"Solanaceae","Cestrum parqui",25,"Cestrum parqui","Cestrum",2,"Arbusto","Perenne","No Prioritaria","nativa","LC","Stable",,,,,,
531,"Solanaceae","Cestrum strigilatum",4,"Cestrum strigilatum","Cestrum",2,"Arbusto","Perenne","No Prioritaria","nativa","LC","Stable",,,,,,
532,"Solanaceae","Datura ferox",18,"Datura ferox","Datura",5,"Hierba","Anual","No evaluada","nativa","NE","NE",,,,,,
533,"Solanaceae","Jaborosa integrifolia",11,"Jaborosa integrifolia","Jaborosa",1,"Hierba","Perenne","No evaluada","nativa","NE","NE",,,,,,
534,"Solanaceae","Jaborosa runcinata",41,"Jaborosa runcinata","Jaborosa",4,"Hierba","Perenne","No evaluada","nativa","NE","NE",,,,,,
535,"Solanaceae","Lycium boerhaviifolium",5,"Lycium boerhaviifolium","Lycium",2,"Arbusto","Perenne","No Prioritaria","nativa","NE","NE",,,,,,
501,"Fabaceae","Trifolium fragiferum",1,,,,,,,,,,,,,,,"non native"
537,"Solanaceae","Lycium ciliatum",2,"Lycium ciliatum","Lycium",1,"Arbusto","Perenne","Prioritaria","nativa","NE","NE","No está","Está","NO","https://powo.science.kew.org/taxon/urn:lsid:ipni.org:names:816391-1",,
507,"Fabaceae","Vachellia astringens",1,,,,,,,,,,,,,,,"new species"
539,"Solanaceae","Nicotiana alata",7,"Nicotiana alata","Nicotiana",10,"Hierba","Perenne","No evaluada","NE","NE","NE",,,,,,
540,"Solanaceae","Nicotiana bonariensis",35,"Nicotiana bonariensis","Nicotiana",8,"Hierba","Anual","No evaluada","NE","NE","NE",,,,,,
541,"Solanaceae","Nicotiana glauca",24,"Nicotiana glauca","Nicotiana",3,"Arbusto","Perenne","No evaluada","introducida","NE","NE",,,,,,
542,"Solanaceae","Nicotiana longiflora",67,"Nicotiana longiflora","Nicotiana",7,"Hierba","Perenne","No evaluada","nativa","NE","NE",,,,,,
512,"Fabaceae","Vicia graminea",1,,,,,,,,,,,,,,,"new species"
544,"Solanaceae","Nierembergia aristata",9,"Nierembergia aristata","Nierembergia",1,"Hierba","Perenne","Prioritaria","nativa","NE","NE",,,,,,
545,"Solanaceae","Nierembergia calycina",26,"Nierembergia calycina","Nierembergia",4,"Hierba","Perenne","Prioritaria","nativa","NE","NE",,,,,,
546,"Solanaceae","Nierembergia ericoides",25,"Nierembergia ericoides","Nierembergia",1,"Hierba","Perenne","Prioritaria","nativa","NE","NE","No está","Está","NO","https://powo.science.kew.org/taxon/urn:lsid:ipni.org:names:817122-1",,
513,"Fabaceae","Vicia montevidensis",1,,,,,,,,,,,,,,,"new species"
548,"Solanaceae","Nierembergia linariifolia",15,"Nierembergia linariifolia","Nierembergia",2,"Hierba","Perenne","No evaluada","nativa","NE","NE",,,,,,
515,"Fabaceae","Vicia villosa",1,,,,,,,,,,,,,,,"new species"
550,"Solanaceae","Nierembergia rivularis",7,"Nierembergia rivularis","Nierembergia",2,"Hierba","Perenne","No evaluada","nativa","NE","NE",,,,,,
551,"Solanaceae","Nierembergia scoparia",15,"Nierembergia scoparia","Nierembergia",9,"Hierba","Perenne","No evaluada","nativa","NE","NE",,,,,,
552,"Solanaceae","Petunia axillaris",124,"Petunia axillaris","Petunia",9,"Hierba","Anual","No evaluada","nativa","NE","NE",,,,,,
553,"Solanaceae","Petunia integrifolia",36,"Petunia integrifolia","Petunia",2,"Hierba","Anual","Prioritaria","nativa","NE","NE",,,,,,
554,"Solanaceae","Physalis angulata",15,"Physalis angulata","Physalis",1,"Hierba","Anual","No evaluada","nativa","LC","Stable",,,,,,
518,"Fabaceae","Wisteria sinensis",1,,,,,,,,,,"Potencial introducida","-","-","https://powo.science.kew.org/taxon/urn:lsid:ipni.org:names:60459148-2",,"non-native"
556,"Solanaceae","Physalis viscosa",7,"Physalis viscosa","Physalis",8,"Hierba","Perenne","No evaluada","nativa","NE","NE",,,,,,
557,"Solanaceae","Salpichroa origanifolia",24,"Salpichroa origanifolia","Salpichroa",1,"Hierba","Perenne","No evaluada","nativa","NE","NE",,,,,,
536,"Solanaceae","Lycium cestroides",1,,,,,,,,,,,,,,,"new species"
559,"Solanaceae","Sclerophylax lorentzianus",4,"Sclerophylax lorentzianus","Sclerophylax",1,"Hierba","Perenne","Prioritaria","nativa","NE","NE",,,,,,
547,"Solanaceae","Nierembergia graveolens",1,,,,,,,,,,,,,,,"new species"
549,"Solanaceae","Nierembergia pinifolia",1,,,,,,,,,,,,,,,"new species"
562,"Solanaceae","Solanum americanum",40,"Solanum americanum","Solanum",2,"Hierba","Perenne","No evaluada","nativa","NE","NE",,,,,,
563,"Solanaceae","Solanum amygdalifolium",22,"Solanum amygdalifolium","Solanum",3,"Arbusto","Perenne","No evaluada","nativa","NE","NE",,,,,,
564,"Solanaceae","Solanum atropurpureum",10,"Solanum atropurpureum","Solanum",1,"Hierba","Perenne","No evaluada","nativa","NE","NE",,,,,,
565,"Solanaceae","Solanum betaceum",2,"Solanum betaceum","Solanum",6,"Arbusto","Perenne","No evaluada","NE","DD","NE","No está","No está","SI","https://powo.science.kew.org/taxon/urn:lsid:ipni.org:names:306169-2",,
566,"Solanaceae","Solanum bonariense",17,"Solanum bonariense","Solanum",3,"Arbusto","Perenne","No Prioritaria","nativa","NE","NE",,,,,,
567,"Solanaceae","Solanum chenopodioides",28,"Solanum chenopodioides","Solanum",5,"Hierba","Anual","No evaluada","nativa","NE","NE",,,,,,
568,"Solanaceae","Solanum commersonii",70,"Solanum commersonii","Solanum",14,"Hierba","Perenne","No evaluada","nativa","NE","NE",,,,,,
569,"Solanaceae","Solanum glaucophyllum",45,"Solanum glaucophyllum","Solanum",6,"Arbusto","Perenne","No Prioritaria","nativa","NE","NE",,,,,,
570,"Solanaceae","Solanum granulosoleprosum",2,"Solanum granulosoleprosum","Solanum",2,"Arbusto","Perenne","No Prioritaria","nativa","LC","Stable",,,,,,
560,"Solanaceae","Sessea vestioides",1,,,,,,,,,,,,,,,"new species"
572,"Solanaceae","Solanum laxum",71,"Solanum laxum","Solanum",10,"Hierba","Perenne","No evaluada","nativa","NE","NE",,,,,,
561,"Solanaceae","Solanum adscendens",1,,,,,,,,,,,,,,,"new species"
574,"Solanaceae","Solanum malmeanum",1,"Solanum malmeanum","Solanum",5,"Hierba","Perenne","Prioritaria","nativa","LC","Stable",,,,,,
575,"Solanaceae","Solanum mauritianum",61,"Solanum mauritianum","Solanum",6,"Arbusto","Perenne","No Prioritaria","nativa","NE","NE",,,,,,
571,"Solanaceae","Solanum guaraniticum",1,,,,,,,,,,,,,,,"new species"
577,"Solanaceae","Solanum platense",1,"Solanum platense","Solanum",4,"Arbusto","Perenne","Prioritaria","nativa","NE","NE",,,,,,
578,"Solanaceae","Solanum pseudocapsicum",44,"Solanum pseudocapsicum","Solanum",9,"Subarbusto","Perenne","No evaluada","nativa","NE","NE",,,,,,
576,"Solanaceae","Solanum pilcomayense",1,,,,,,,,,,,,,,,"new species"
580,"Solanaceae","Solanum reineckii",10,"Solanum reineckii","Solanum",1,"Subarbusto","Perenne","No evaluada","NE","NE","NE","No está","Está","NO","https://powo.science.kew.org/taxon/urn:lsid:ipni.org:names:239598-2",,
581,"Solanaceae","Solanum sisymbriifolium",149,"Solanum sisymbriifolium","Solanum",2,"Hierba","Perenne","No evaluada","nativa","NE","NE",,,,,,
579,"Solanaceae","Solanum pygmaeum",1,,,,,,,,,,,,,,,"new species"
583,"Solanaceae","Solanum viarum",44,"Solanum viarum","Solanum",4,"Arbusto","Perenne","No evaluada","nativa","LC","Increasing",,,,,,
582,"Solanaceae","Solanum tuberosum",1,,,,,,,,,,"Potencial introducida","-","-","https://powo.science.kew.org/taxon/urn:lsid:ipni.org:names:821337-1",,"non-native"
584,"Solanaceae","Streptosolen jamesonii",1,,,,,,,,,,,,,,,"non native"
